antigen_name,cancer_type,mean_tumor_expression,mean_normal_expression,stability_score,literature_support,immunogenicity_score,surface_accessibility,clinical_trials_count,viability_label,data_source,source_database,evidence_level,biomarker_category,analyte_type,regulation,source_group
CA19-9,Pancreatic (PDAC),8.48,0.56,0.945,0.942,0.78,0.846,260,1,real,Literature,clinical,Glycolipid/protein,Protein,up,Serum Protein
sTRA,Pancreatic (PDAC),6.67,0.59,0.74,0.858,0.479,0.693,40,1,real,Literature,clinical,Glycolipid/protein,Protein,up,Serum Protein
CEA,Pancreatic (PDAC),7.67,1.34,0.666,0.904,0.645,0.637,180,1,real,Literature,clinical,Protein,Protein,up,Serum Protein
CA125 (MUC16),Pancreatic (PDAC),6.71,1.0,0.71,0.86,0.485,0.872,70,1,real,Literature,clinical,Glycoprotein,Protein,up,Serum Protein
CA242,Pancreatic (PDAC),6.7,1.83,0.585,0.577,0.483,0.816,10,1,real,Literature,preclinical,Glycoprotein,Protein,up,Serum Protein
Osteonectin,Pancreatic (PDAC),8.16,1.81,0.694,0.771,0.726,0.658,10,1,real,Literature,preclinical,Protein,Protein,up,Serum Protein
Osteopontin,Pancreatic (PDAC),8.38,0.44,0.831,0.801,0.764,0.761,1,1,real,Literature,preclinical,Protein,Protein,up,Serum Protein
DUPAN-2,Pancreatic (PDAC),6.81,0.67,0.705,0.592,0.502,0.517,2,1,real,Literature,preclinical,Glycolipid antigen,Protein,up,Serum Protein
LAMC2,Pancreatic (PDAC),9.36,1.85,0.664,0.931,0.926,0.851,10,1,real,Literature,preclinical,Protein (laminin),Protein,up,Serum Protein
ULBP2,Pancreatic (PDAC),6.52,1.28,0.848,0.553,0.454,0.774,6,1,real,Literature,preclinical,Protein,Protein,up,Serum Protein
sCD40L,Pancreatic (PDAC),7.61,1.67,0.769,0.698,0.636,0.715,9,1,real,Literature,preclinical,Protein,Protein,up,Serum Protein
LRG1,Pancreatic (PDAC),8.62,1.85,0.86,0.949,0.803,0.783,30,1,real,Literature,clinical,Protein,Protein,up,Serum Protein
C4BPA,Pancreatic (PDAC),8.74,1.37,0.645,0.849,0.823,0.621,7,1,real,Literature,preclinical,Protein (complement),Protein,up,Serum Protein
Cofilin-1,Pancreatic (PDAC),7.7,1.98,0.596,0.709,0.649,0.584,11,1,real,Literature,preclinical,Protein,Protein,up,Serum Protein
sgC1qR,Pancreatic (PDAC),7.0,1.51,0.73,0.617,0.534,0.881,8,1,real,Literature,preclinical,Protein receptor,Protein,up,Serum Protein
Trypsinogen-2,Pancreatic (PDAC),8.29,0.4,0.585,0.789,0.749,0.576,1,1,real,Literature,preclinical,Enzyme precursor,Protein,up,Serum Protein
DKK1,Pancreatic (PDAC),9.24,1.62,0.57,0.915,0.907,0.565,9,1,real,Literature,preclinical,Protein (Wnt inhibitor),Protein,up,Serum Protein
THBS-2,Pancreatic (PDAC),9.31,1.45,0.648,0.981,0.919,0.623,50,1,real,Literature,clinical,Protein (Thrombospondin),Protein,up,Serum Protein
THBS-1,Pancreatic (PDAC),7.09,0.51,0.813,0.629,0.549,0.748,1,1,real,Literature,preclinical,Protein,Protein,up,Serum Protein
AGR2,Pancreatic (PDAC),8.54,1.1,0.683,0.822,0.791,0.65,5,1,real,Literature,preclinical,Protein,Protein,up,Serum Protein
REG1A,Pancreatic (PDAC),8.03,0.93,0.795,0.921,0.704,0.734,35,1,real,Literature,clinical,Protein,Protein,up,Serum Protein
REGIII,Pancreatic (PDAC),9.23,0.64,0.812,0.914,0.905,0.747,2,1,real,Literature,preclinical,Protein,Protein,up,Serum Protein
REG1B,Pancreatic (PDAC),6.97,1.93,0.865,0.612,0.528,0.787,11,1,real,Literature,preclinical,Protein,Protein,up,Serum Protein
REG4,Pancreatic (PDAC),9.11,1.26,0.628,0.899,0.886,0.608,6,1,real,Literature,preclinical,Protein,Protein,up,Serum Protein
SYCN,Pancreatic (PDAC),8.24,0.93,0.881,0.782,0.74,0.799,4,1,real,Literature,preclinical,Protein,Protein,up,Serum Protein
LOXL2,Pancreatic (PDAC),7.81,1.14,0.626,0.725,0.668,0.607,5,1,real,Literature,preclinical,Enzyme (lysyl oxidase),Protein,up,Serum Protein
PARK7/DJ-1,Pancreatic (PDAC),7.54,1.52,0.592,0.688,0.623,0.582,8,1,real,Literature,preclinical,Protein,Protein,up,Serum Protein
TTR (Transthyretin),Pancreatic (PDAC),4.21,4.67,0.853,0.584,0.492,0.777,11,1,real,Literature,preclinical,Protein,Protein,context,Serum Protein
TTF1,Pancreatic (PDAC),7.67,1.52,0.85,0.706,0.645,0.625,8,1,real,Literature,preclinical,Transcription factor,Protein,up,Serum Protein
TTF2,Pancreatic (PDAC),7.36,1.92,0.631,0.664,0.593,0.461,11,1,real,Literature,preclinical,Transcription factor,Protein,up,Serum Protein
TTF3,Pancreatic (PDAC),8.67,1.95,0.798,0.839,0.812,0.586,11,1,real,Literature,preclinical,Transcription factor,Protein,up,Serum Protein
GPNMB,Pancreatic (PDAC),7.59,1.21,0.938,0.696,0.632,0.841,6,1,real,Literature,preclinical,Protein,Protein,up,Serum Protein
PRX-1 (Peroxiredoxin),Pancreatic (PDAC),7.75,0.66,0.675,0.717,0.658,0.643,2,1,real,Literature,preclinical,Antioxidant protein,Protein,up,Serum Protein
TFPI,Pancreatic (PDAC),7.49,1.41,0.805,0.682,0.615,0.741,7,1,real,Literature,preclinical,Protein,Protein,up,Serum Protein
TIMP-1,Pancreatic (PDAC),7.23,1.0,0.785,0.647,0.571,0.726,5,1,real,Literature,preclinical,Protein (MMP inhibitor),Protein,up,Serum Protein
MMP-9,Pancreatic (PDAC),8.06,1.12,0.75,0.758,0.709,0.7,5,1,real,Literature,preclinical,Enzyme,Protein,up,Serum Protein
IGFBP-1,Pancreatic (PDAC),7.26,0.51,0.837,0.651,0.576,0.765,1,1,real,Literature,preclinical,Binding protein,Protein,up,Serum Protein
IGFBP-2,Pancreatic (PDAC),7.52,2.09,0.918,0.686,0.619,0.826,12,1,real,Literature,preclinical,Binding protein,Protein,up,Serum Protein
IGFBP-3,Pancreatic (PDAC),6.94,0.85,0.667,0.608,0.523,0.638,4,1,real,Literature,preclinical,Binding protein,Protein,up,Serum Protein
MSLN (Mesothelin),Pancreatic (PDAC),8.07,1.81,0.78,0.923,0.711,0.723,95,1,real,Literature,clinical,Protein,Protein,up,Serum Protein
C5,Pancreatic (PDAC),9.21,0.98,0.885,0.911,0.901,0.802,4,1,real,Literature,preclinical,Complement protein,Protein,up,Serum Protein
MMP-7,Pancreatic (PDAC),8.28,1.53,0.877,0.787,0.746,0.795,8,1,real,Literature,preclinical,Enzyme,Protein,up,Serum Protein
Cathepsin-D,Pancreatic (PDAC),6.79,1.63,0.903,0.589,0.499,0.815,9,1,real,Literature,preclinical,Enzyme,Protein,up,Serum Protein
MMP-12,Pancreatic (PDAC),8.48,1.99,0.782,0.814,0.78,0.724,11,1,real,Literature,preclinical,Enzyme,Protein,up,Serum Protein
OPG (Osteoprotegerin),Pancreatic (PDAC),7.1,0.87,0.67,0.629,0.549,0.64,4,1,real,Literature,preclinical,Protein,Protein,up,Serum Protein
Kisspeptin,Pancreatic (PDAC),1.36,5.66,0.817,0.689,0.624,0.75,5,1,real,Literature,preclinical,Protein,Protein,down,Serum Protein
Galectin,Pancreatic (PDAC),7.85,1.32,0.828,0.73,0.675,0.758,7,1,real,Literature,preclinical,Protein,Protein,up,Serum Protein
MUC16,Pancreatic (PDAC),8.05,1.9,0.709,0.922,0.708,0.871,70,1,real,Literature,clinical,Glycoprotein,Protein,up,Serum Protein
MUC5AC,Pancreatic (PDAC),7.28,1.94,0.72,0.886,0.579,0.876,55,1,real,Literature,clinical,Glycoprotein,Protein,up,Serum Protein
PAM4,Pancreatic (PDAC),9.14,0.77,0.604,0.903,0.891,0.44,3,1,real,Literature,preclinical,Antibody marker,Antibody,up,Serum Protein
HSP27,Pancreatic (PDAC),8.82,1.03,0.668,0.859,0.837,0.638,5,1,real,Literature,preclinical,Heat shock protein,Protein,up,Serum Protein
CAM17.1,Pancreatic (PDAC),7.83,0.81,0.811,0.727,0.671,0.596,3,1,real,Literature,preclinical,Antibody marker,Antibody,up,Serum Protein
Fuc-Hpt,Pancreatic (PDAC),7.02,1.67,0.751,0.619,0.536,0.89,9,1,real,Literature,preclinical,Fucosylated glycoprotein,Protein,up,Serum Protein
SAA (Serum Amyloid A),Pancreatic (PDAC),6.63,1.37,0.812,0.568,0.472,0.747,7,1,real,Literature,preclinical,Protein,Protein,up,Serum Protein
APN/CD13,Pancreatic (PDAC),8.05,0.61,0.772,0.756,0.708,0.716,2,1,real,Literature,preclinical,Enzyme,Protein,up,Serum Protein
M2-PK,Pancreatic (PDAC),9.4,2.1,0.636,0.936,0.933,0.614,12,1,real,Literature,preclinical,Metabolic enzyme,Protein,up,Serum Protein
APOA2,Pancreatic (PDAC),8.85,0.54,0.567,0.863,0.842,0.563,1,1,real,Literature,preclinical,Apolipoprotein,Protein,up,Serum Protein
APOC1,Pancreatic (PDAC),6.92,0.91,0.766,0.606,0.52,0.712,4,1,real,Literature,preclinical,Apolipoprotein,Protein,up,Serum Protein
APOC2,Pancreatic (PDAC),8.44,1.41,0.818,0.809,0.773,0.751,7,1,real,Literature,preclinical,Apolipoprotein,Protein,up,Serum Protein
APOE,Pancreatic (PDAC),8.78,2.14,0.751,0.854,0.831,0.7,12,1,real,Literature,preclinical,Apolipoprotein,Protein,up,Serum Protein
ITIH,Pancreatic (PDAC),6.68,2.1,0.908,0.575,0.481,0.818,12,1,real,Literature,preclinical,Protein inhibitor,Protein,up,Serum Protein
APOA1,Pancreatic (PDAC),5.13,4.61,0.872,0.731,0.676,0.792,10,1,real,Literature,preclinical,Apolipoprotein,Protein,context,Serum Protein
APOL1,Pancreatic (PDAC),6.81,1.47,0.69,0.592,0.502,0.655,8,1,real,Literature,preclinical,Apolipoprotein,Protein,up,Serum Protein
TGF-beta,Pancreatic (PDAC),9.49,2.1,0.551,0.949,0.948,0.401,12,1,real,Literature,preclinical,Growth factor,Protein,up,Serum Protein
VEGF,Pancreatic (PDAC),7.43,0.73,0.777,0.674,0.605,0.571,3,1,real,Literature,preclinical,Growth factor,Protein,up,Serum Protein
FGF-10 / KGF-2,Pancreatic (PDAC),7.55,1.32,0.636,0.69,0.625,0.464,7,1,real,Literature,preclinical,Growth factor,Protein,up,Serum Protein
PDGF,Pancreatic (PDAC),7.11,1.72,0.6,0.632,0.552,0.438,9,1,real,Literature,preclinical,Growth factor,Protein,up,Serum Protein
TSGF,Pancreatic (PDAC),8.88,1.87,0.93,0.867,0.847,0.685,10,1,real,Literature,preclinical,Growth factor,Protein,up,Serum Protein
IP-10 (CXCL10),Pancreatic (PDAC),5.9,3.38,0.747,0.854,0.83,0.548,3,1,real,Literature,preclinical,Cytokine/chemokine,Protein,context,Serum Protein
IL-6,Pancreatic (PDAC),8.37,0.8,0.637,0.8,0.762,0.465,3,1,real,Literature,preclinical,Cytokine,Protein,up,Serum Protein
MIC-1 / GDF15,Pancreatic (PDAC),6.72,0.89,0.721,0.58,0.487,0.529,4,1,real,Literature,preclinical,Cytokine,Protein,up,Serum Protein
IL-11,Pancreatic (PDAC),8.83,1.27,0.828,0.861,0.838,0.609,6,1,real,Literature,preclinical,Cytokine,Protein,up,Serum Protein
YKL-40,Pancreatic (PDAC),7.28,0.47,0.567,0.654,0.581,0.413,1,1,real,Literature,preclinical,Cytokine-like,Protein,up,Serum Protein
IL-8,Pancreatic (PDAC),7.99,0.84,0.927,0.749,0.698,0.683,3,1,real,Literature,preclinical,Cytokine,Protein,up,Serum Protein
IL-10,Pancreatic (PDAC),8.0,1.18,0.713,0.749,0.699,0.522,6,1,real,Literature,preclinical,Cytokine,Protein,up,Serum Protein
IL-1beta,Pancreatic (PDAC),8.72,1.07,0.924,0.846,0.82,0.68,5,1,real,Literature,preclinical,Cytokine,Protein,up,Serum Protein
OSM (Oncostatin M),Pancreatic (PDAC),7.72,1.8,0.669,0.713,0.653,0.489,10,1,real,Literature,preclinical,Cytokine,Protein,up,Serum Protein
TNF-alpha,Pancreatic (PDAC),7.07,1.35,0.805,0.627,0.546,0.591,7,1,real,Literature,preclinical,Cytokine,Protein,up,Serum Protein
M-CSF,Pancreatic (PDAC),8.31,1.27,0.711,0.792,0.752,0.521,6,1,real,Literature,preclinical,Cytokine,Protein,up,Serum Protein
CXCL11,Pancreatic (PDAC),4.32,3.38,0.669,0.601,0.513,0.489,3,1,real,Literature,preclinical,Chemokine,Protein,context,Serum Protein
SCF (Stem Cell Factor),Pancreatic (PDAC),7.05,0.53,0.639,0.623,0.541,0.467,1,1,real,Literature,preclinical,Cytokine,Protein,up,Serum Protein
Eotaxin,Pancreatic (PDAC),7.05,2.2,0.9,0.623,0.541,0.662,12,1,real,Literature,preclinical,Chemokine,Protein,up,Serum Protein
HGF,Pancreatic (PDAC),6.76,1.32,0.741,0.584,0.493,0.543,7,1,real,Literature,preclinical,Cytokine,Protein,up,Serum Protein
MCP-1 (CCL2),Pancreatic (PDAC),7.54,2.12,0.76,0.689,0.624,0.557,12,1,real,Literature,preclinical,Chemokine,Protein,up,Serum Protein
CXCL10,Pancreatic (PDAC),5.79,3.08,0.827,0.837,0.809,0.608,1,1,real,Literature,preclinical,Chemokine,Protein,context,Serum Protein
CEACAM1,Pancreatic (PDAC),9.39,1.71,0.741,0.935,0.931,0.886,9,1,real,Literature,preclinical,Adhesion molecule,Protein,up,Serum Protein
ICAM-1,Pancreatic (PDAC),7.31,1.78,0.847,0.658,0.585,0.934,10,1,real,Literature,preclinical,Adhesion molecule,Protein,up,Serum Protein
LINC-PINT,Pancreatic (PDAC),0.97,6.84,0.693,0.617,0.534,0.239,10,1,real,Literature,preclinical,lncRNA,lncRNA,down,Serum lncRNA
SNHG15,Pancreatic (PDAC),7.49,1.6,0.668,0.682,0.615,0.224,9,1,real,Literature,preclinical,lncRNA,lncRNA,up,Serum lncRNA
LINC01238,Pancreatic (PDAC),6.96,0.91,0.807,0.611,0.526,0.31,4,1,real,Literature,preclinical,lncRNA,lncRNA,up,Serum lncRNA
ABHD11-AS1,Pancreatic (PDAC),7.73,0.84,0.747,0.714,0.655,0.273,3,1,real,Literature,preclinical,lncRNA,lncRNA,up,Serum lncRNA
HULC,Pancreatic (PDAC),8.59,2.2,0.949,0.828,0.798,0.4,12,1,real,Literature,preclinical,lncRNA,lncRNA,up,Serum lncRNA
UFC1,Pancreatic (PDAC),9.43,1.73,0.792,0.941,0.939,0.301,9,1,real,Literature,preclinical,lncRNA,lncRNA,up,Serum lncRNA
miR-21,Pancreatic (PDAC),8.54,1.06,0.847,0.945,0.791,0.335,65,1,real,Literature,clinical,miRNA,miRNA,up,Serum miRNA
miR-25,Pancreatic (PDAC),9.31,0.61,0.687,0.925,0.919,0.236,2,1,real,Literature,preclinical,miRNA,miRNA,up,Serum miRNA
miR-210-3p,Pancreatic (PDAC),9.23,1.24,0.947,0.915,0.906,0.398,6,1,real,Literature,preclinical,miRNA,miRNA,up,Serum miRNA
miR-29a,Pancreatic (PDAC),6.9,1.79,0.929,0.603,0.516,0.387,10,1,real,Literature,preclinical,miRNA,miRNA,up,Serum miRNA
miR-19a,Pancreatic (PDAC),7.54,1.53,0.555,0.688,0.623,0.153,8,1,real,Literature,preclinical,miRNA,miRNA,up,Serum miRNA
miR-210,Pancreatic (PDAC),8.78,2.1,0.854,0.854,0.829,0.34,12,1,real,Literature,preclinical,miRNA,miRNA,up,Serum miRNA
miR-155,Pancreatic (PDAC),7.27,1.18,0.755,0.653,0.578,0.278,6,1,real,Literature,preclinical,miRNA,miRNA,up,Serum miRNA
miR-499a-5p,Pancreatic (PDAC),8.09,1.48,0.916,0.762,0.715,0.379,8,1,real,Literature,preclinical,miRNA,miRNA,up,Serum miRNA
miR-125a-3p,Pancreatic (PDAC),1.0,5.51,0.883,0.623,0.541,0.358,5,1,real,Literature,preclinical,miRNA,miRNA,down,Serum miRNA
miR-6893-5p,Pancreatic (PDAC),8.03,0.94,0.885,0.754,0.705,0.359,4,1,real,Literature,preclinical,miRNA,miRNA,up,Serum miRNA
miR-125b-1-3p,Pancreatic (PDAC),1.27,5.7,0.854,0.671,0.601,0.34,5,1,real,Literature,preclinical,miRNA,miRNA,down,Serum miRNA
miR-6075,Pancreatic (PDAC),8.92,1.43,0.705,0.873,0.854,0.247,7,1,real,Literature,preclinical,miRNA,miRNA,up,Serum miRNA
miR-6836-3p,Pancreatic (PDAC),7.39,2.07,0.939,0.669,0.599,0.393,12,1,real,Literature,preclinical,miRNA,miRNA,up,Serum miRNA
miR-1469,Pancreatic (PDAC),8.92,1.67,0.558,0.873,0.854,0.155,9,1,real,Literature,preclinical,miRNA,miRNA,up,Serum miRNA
miR-6729-5p,Pancreatic (PDAC),7.64,1.86,0.706,0.702,0.64,0.247,10,1,real,Literature,preclinical,miRNA,miRNA,up,Serum miRNA
miR-575,Pancreatic (PDAC),8.46,0.71,0.656,0.812,0.777,0.216,3,1,real,Literature,preclinical,miRNA,miRNA,up,Serum miRNA
miR-204-3p,Pancreatic (PDAC),0.69,7.19,0.894,0.566,0.47,0.365,11,1,real,Literature,preclinical,miRNA,miRNA,down,Serum miRNA
miR-6820-5p,Pancreatic (PDAC),9.37,1.29,0.837,0.932,0.928,0.33,6,1,real,Literature,preclinical,miRNA,miRNA,up,Serum miRNA
miR-4294,Pancreatic (PDAC),9.02,0.74,0.917,0.886,0.871,0.38,3,1,real,Literature,preclinical,miRNA,miRNA,up,Serum miRNA
miR-4476,Pancreatic (PDAC),7.44,1.44,0.635,0.675,0.606,0.203,7,1,real,Literature,preclinical,miRNA,miRNA,up,Serum miRNA
miR-4792,Pancreatic (PDAC),6.8,1.12,0.714,0.59,0.5,0.252,5,1,real,Literature,preclinical,miRNA,miRNA,up,Serum miRNA
miR-196a,Pancreatic (PDAC),6.77,2.08,0.819,0.586,0.495,0.318,12,1,real,Literature,preclinical,miRNA,miRNA,up,Serum miRNA
miR-18a,Pancreatic (PDAC),8.06,0.58,0.676,0.758,0.71,0.229,2,1,real,Literature,preclinical,miRNA,miRNA,up,Serum miRNA
miR-10b,Pancreatic (PDAC),9.05,1.33,0.696,0.89,0.874,0.241,7,1,real,Literature,preclinical,miRNA,miRNA,up,Serum miRNA
miR-106b,Pancreatic (PDAC),7.31,0.74,0.89,0.659,0.586,0.363,3,1,real,Literature,preclinical,miRNA,miRNA,up,Serum miRNA
miR-642-3p,Pancreatic (PDAC),9.32,1.26,0.757,0.926,0.92,0.28,6,1,real,Literature,preclinical,miRNA,miRNA,up,Serum miRNA
miR-885-5p,Pancreatic (PDAC),9.37,2.12,0.581,0.932,0.928,0.169,12,1,real,Literature,preclinical,miRNA,miRNA,up,Serum miRNA
miR-22-3p,Pancreatic (PDAC),9.34,1.63,0.64,0.929,0.924,0.206,9,1,real,Literature,preclinical,miRNA,miRNA,up,Serum miRNA
miR-34a,Pancreatic (PDAC),2.5,6.95,0.869,0.895,0.882,0.349,10,1,real,Literature,preclinical,miRNA,miRNA,down,Serum miRNA
miR-191,Pancreatic (PDAC),8.06,1.63,0.868,0.758,0.71,0.349,9,1,real,Literature,preclinical,miRNA,miRNA,up,Serum miRNA
miR-451a,Pancreatic (PDAC),2.0,5.44,0.626,0.805,0.768,0.197,4,1,real,Literature,preclinical,miRNA,miRNA,down,Serum miRNA
miR-121-5p,Pancreatic (PDAC),8.24,1.56,0.74,0.782,0.739,0.269,8,1,real,Literature,preclinical,miRNA,miRNA,up,Serum miRNA
miR-30c,Pancreatic (PDAC),1.4,6.12,0.608,0.695,0.632,0.186,7,1,real,Literature,preclinical,miRNA,miRNA,down,Serum miRNA
miR-483-5p,Pancreatic (PDAC),8.85,0.58,0.851,0.863,0.841,0.338,2,1,real,Literature,preclinical,miRNA,miRNA,up,Serum miRNA
miR-1290,Pancreatic (PDAC),9.24,1.31,0.923,0.915,0.907,0.383,7,1,real,Literature,preclinical,miRNA,miRNA,up,Serum miRNA
miR-24,Pancreatic (PDAC),8.37,1.35,0.782,0.799,0.762,0.295,7,1,real,Literature,preclinical,miRNA,miRNA,up,Serum miRNA
miR-134,Pancreatic (PDAC),1.84,5.68,0.686,0.775,0.732,0.235,5,1,real,Literature,preclinical,miRNA,miRNA,down,Serum miRNA
miR-146a,Pancreatic (PDAC),6.23,3.03,0.788,0.906,0.895,0.299,1,1,real,Literature,preclinical,miRNA,miRNA,context,Serum miRNA
miR-378,Pancreatic (PDAC),7.88,0.63,0.727,0.734,0.68,0.261,2,1,real,Literature,preclinical,miRNA,miRNA,up,Serum miRNA
miR-484,Pancreatic (PDAC),9.48,1.96,0.94,0.948,0.947,0.394,11,1,real,Literature,preclinical,miRNA,miRNA,up,Serum miRNA
miR-628-4p,Pancreatic (PDAC),8.0,1.68,0.92,0.75,0.7,0.381,9,1,real,Literature,preclinical,miRNA,miRNA,up,Serum miRNA
miR-1825,Pancreatic (PDAC),9.09,1.76,0.934,0.896,0.882,0.39,10,1,real,Literature,preclinical,miRNA,miRNA,up,Serum miRNA
miR-1246,Pancreatic (PDAC),8.28,1.78,0.922,0.933,0.746,0.383,30,1,real,Literature,clinical,miRNA,miRNA,up,Serum miRNA
miR-482-3p,Pancreatic (PDAC),5.75,4.11,0.716,0.83,0.8,0.254,7,1,real,Literature,preclinical,miRNA,miRNA,context,Serum miRNA
miR-16,Pancreatic (PDAC),1.64,6.1,0.638,0.739,0.686,0.205,7,1,real,Literature,preclinical,miRNA,miRNA,down,Serum miRNA
miR-27a-3p,Pancreatic (PDAC),8.23,1.04,0.604,0.781,0.739,0.184,5,1,real,Literature,preclinical,miRNA,miRNA,up,Serum miRNA
miR-192,Pancreatic (PDAC),5.18,4.06,0.737,0.739,0.686,0.267,7,1,real,Literature,preclinical,miRNA,miRNA,context,Serum miRNA
miR-642b-3p,Pancreatic (PDAC),7.74,1.03,0.843,0.715,0.657,0.333,5,1,real,Literature,preclinical,miRNA,miRNA,up,Serum miRNA
miR-492,Pancreatic (PDAC),8.5,1.1,0.89,0.816,0.783,0.363,5,1,real,Literature,preclinical,miRNA,miRNA,up,Serum miRNA
miR-663a,Pancreatic (PDAC),7.85,1.25,0.753,0.731,0.676,0.277,6,1,real,Literature,preclinical,miRNA,miRNA,up,Serum miRNA
miR-194,Pancreatic (PDAC),2.1,6.55,0.652,0.823,0.791,0.214,9,1,real,Literature,preclinical,miRNA,miRNA,down,Serum miRNA
miR-223,Pancreatic (PDAC),8.68,0.44,0.772,0.84,0.813,0.289,1,1,real,Literature,preclinical,miRNA,miRNA,up,Serum miRNA
miR-774-5p,Pancreatic (PDAC),8.9,0.68,0.593,0.869,0.849,0.177,2,1,real,Literature,preclinical,miRNA,miRNA,up,Serum miRNA
miR-409-3p,Pancreatic (PDAC),2.3,6.08,0.796,0.859,0.836,0.304,7,1,real,Literature,preclinical,miRNA,miRNA,down,Serum miRNA
miR-128-3p,Pancreatic (PDAC),1.02,6.64,0.699,0.627,0.546,0.243,9,1,real,Literature,preclinical,miRNA,miRNA,down,Serum miRNA
miR-20a,Pancreatic (PDAC),6.7,2.05,0.625,0.576,0.483,0.197,11,1,real,Literature,preclinical,miRNA,miRNA,up,Serum miRNA
miR-27a,Pancreatic (PDAC),6.94,1.22,0.926,0.609,0.524,0.385,6,1,real,Literature,preclinical,miRNA,miRNA,up,Serum miRNA
miR-29c,Pancreatic (PDAC),2.78,6.85,0.794,0.946,0.945,0.303,10,1,real,Literature,preclinical,miRNA,miRNA,down,Serum miRNA
miR-30a-5p,Pancreatic (PDAC),1.32,4.67,0.567,0.681,0.614,0.161,1,1,real,Literature,preclinical,miRNA,miRNA,down,Serum miRNA
miR-323-3p,Pancreatic (PDAC),7.95,1.82,0.708,0.744,0.692,0.249,10,1,real,Literature,preclinical,miRNA,miRNA,up,Serum miRNA
miR-345,Pancreatic (PDAC),0.99,5.76,0.762,0.62,0.538,0.282,6,1,real,Literature,preclinical,miRNA,miRNA,down,Serum miRNA
GPC1,Pancreatic (PDAC),9.19,1.72,0.917,0.976,0.899,0.965,60,1,real,Literature,clinical,Exosome,Liquid Biopsy,up,Serum Liquid Biopsy
miR-10b,Pancreatic (PDAC),9.05,1.33,0.696,0.89,0.874,0.865,7,1,real,Literature,preclinical,Exosome,Liquid Biopsy,up,Serum Liquid Biopsy
miR-30c,Pancreatic (PDAC),1.4,6.12,0.608,0.695,0.632,0.826,7,1,real,Literature,preclinical,Exosome,Liquid Biopsy,down,Serum Liquid Biopsy
miR-181a,Pancreatic (PDAC),7.19,0.52,0.852,0.642,0.565,0.936,1,1,real,Literature,preclinical,Exosome,Liquid Biopsy,up,Serum Liquid Biopsy
miR-let7a,Pancreatic (PDAC),1.67,6.87,0.877,0.745,0.694,0.947,10,1,real,Literature,preclinical,Exosome,Liquid Biopsy,down,Serum Liquid Biopsy
miR-17-5p,Pancreatic (PDAC),8.49,1.39,0.805,0.815,0.781,0.915,7,1,real,Literature,preclinical,Exosome,Liquid Biopsy,up,Serum Liquid Biopsy
miR-21,Pancreatic (PDAC),8.54,1.06,0.847,0.945,0.791,0.934,65,1,real,Literature,clinical,Exosome,Liquid Biopsy,up,Serum Liquid Biopsy
miR-1246,Pancreatic (PDAC),8.28,1.78,0.922,0.933,0.746,0.968,30,1,real,Literature,clinical,Exosome,Liquid Biopsy,up,Serum Liquid Biopsy
miR-4644,Pancreatic (PDAC),8.58,0.76,0.678,0.827,0.797,0.858,3,1,real,Literature,preclinical,Exosome,Liquid Biopsy,up,Serum Liquid Biopsy
miR-3976,Pancreatic (PDAC),8.44,1.7,0.642,0.809,0.774,0.842,9,1,real,Literature,preclinical,Exosome,Liquid Biopsy,up,Serum Liquid Biopsy
miR-4306,Pancreatic (PDAC),8.91,0.85,0.557,0.872,0.852,0.803,3,1,real,Literature,preclinical,Exosome,Liquid Biopsy,up,Serum Liquid Biopsy
KRAS (mutation),Pancreatic (PDAC),9.35,0.55,0.676,0.93,0.925,0.494,2,1,real,Literature,preclinical,ctDNA,Liquid Biopsy,up,Serum Liquid Biopsy
ADAMTS1,Pancreatic (PDAC),7.65,1.63,0.637,0.703,0.641,0.465,9,1,real,Literature,preclinical,ctDNA,Liquid Biopsy,up,Serum Liquid Biopsy
BNC1,Pancreatic (PDAC),8.61,1.29,0.931,0.831,0.802,0.686,6,1,real,Literature,preclinical,ctDNA,Liquid Biopsy,up,Serum Liquid Biopsy
CAPI+/CD45-,Pancreatic (PDAC),9.39,0.7,0.926,0.935,0.931,0.682,2,1,real,Literature,preclinical,CTC,Liquid Biopsy,up,Serum Liquid Biopsy
CK+ (Cytokeratin),Pancreatic (PDAC),8.15,1.53,0.78,0.77,0.725,0.572,8,1,real,Literature,preclinical,CTC,Liquid Biopsy,up,Serum Liquid Biopsy
CEA+,Pancreatic (PDAC),8.86,1.63,0.762,0.865,0.843,0.559,9,1,real,Literature,preclinical,CTC,Liquid Biopsy,up,Serum Liquid Biopsy
CD45-/DAPI+/CEP8,Pancreatic (PDAC),9.26,2.18,0.681,0.918,0.909,0.498,12,1,real,Literature,preclinical,CTC,Liquid Biopsy,up,Serum Liquid Biopsy
CD45,Pancreatic (PDAC),0.79,5.06,0.928,0.585,0.493,0.684,3,1,real,Literature,preclinical,CTC,Liquid Biopsy,down,Serum Liquid Biopsy
CCK19,Pancreatic (PDAC),9.26,1.93,0.757,0.919,0.911,0.555,11,1,real,Literature,preclinical,CTC,Liquid Biopsy,up,Serum Liquid Biopsy
Pdx-1,Pancreatic (PDAC),8.88,0.85,0.61,0.867,0.847,0.445,3,1,real,Literature,preclinical,CTC,Liquid Biopsy,up,Serum Liquid Biopsy
KRAS mutation (CTC),Pancreatic (PDAC),6.87,1.74,0.636,0.6,0.512,0.464,9,1,real,Literature,preclinical,CTC,Liquid Biopsy,up,Serum Liquid Biopsy
CEP8,Pancreatic (PDAC),7.69,0.7,0.918,0.709,0.648,0.676,3,1,real,Literature,preclinical,CTC,Liquid Biopsy,up,Serum Liquid Biopsy
CK,Pancreatic (PDAC),7.32,0.51,0.881,0.66,0.587,0.648,1,1,real,Literature,preclinical,CTC,Liquid Biopsy,up,Serum Liquid Biopsy
DAPI,Pancreatic (PDAC),4.15,4.3,0.825,0.725,0.668,0.606,8,0,real,Literature,preclinical,CTC,Liquid Biopsy,neutral,Serum Liquid Biopsy
Chromosome 8,Pancreatic (PDAC),8.71,0.66,0.929,0.844,0.818,0.684,2,1,real,Literature,preclinical,CTC,Liquid Biopsy,up,Serum Liquid Biopsy
Folate-receptor positive CTCs,Pancreatic (PDAC),6.62,0.99,0.762,0.566,0.47,0.559,4,1,real,Literature,preclinical,CTC,Liquid Biopsy,up,Serum Liquid Biopsy
LYVE1,Pancreatic (PDAC),8.31,0.47,0.621,0.792,0.752,0.603,1,1,real,Literature,preclinical,Protein,Protein,up,Urinary
REG1A,Pancreatic (PDAC),8.03,0.93,0.795,0.921,0.704,0.734,35,1,real,Literature,clinical,Protein,Protein,up,Urinary
TTF1,Pancreatic (PDAC),7.67,1.52,0.85,0.706,0.645,0.775,8,1,real,Literature,preclinical,Protein,Protein,up,Urinary
TIMP1,Pancreatic (PDAC),6.52,1.39,0.593,0.553,0.454,0.582,7,1,real,Literature,preclinical,Protein,Protein,up,Urinary
MMP-2,Pancreatic (PDAC),6.52,1.97,0.903,0.552,0.453,0.815,11,1,real,Literature,preclinical,Protein,Protein,up,Urinary
NGAL,Pancreatic (PDAC),7.61,0.98,0.658,0.699,0.636,0.631,4,1,real,Literature,preclinical,Protein,Protein,up,Urinary
PGE2 metabolites,Pancreatic (PDAC),6.76,1.76,0.631,0.584,0.493,0.611,10,1,real,Literature,preclinical,Protein,Protein,up,Urinary
CD59,Pancreatic (PDAC),7.64,1.23,0.909,0.702,0.64,0.819,6,1,real,Literature,preclinical,Protein,Protein,up,Urinary
ANXA2,Pancreatic (PDAC),6.63,1.2,0.734,0.568,0.472,0.688,6,1,real,Literature,preclinical,Protein,Protein,up,Urinary
21 kDa gelsolin fragment,Pancreatic (PDAC),8.03,1.73,0.638,0.754,0.705,0.616,9,1,real,Literature,preclinical,Protein,Protein,up,Urinary
S100A9,Pancreatic (PDAC),7.59,2.05,0.759,0.696,0.632,0.707,12,1,real,Literature,preclinical,Protein,Protein,up,Urinary
KRAS mutation (UcfDNA),Pancreatic (PDAC),8.05,1.73,0.859,0.757,0.708,0.632,9,1,real,Literature,preclinical,Liquid biopsy,Protein,up,Urinary
miR-3940-5p,Pancreatic (PDAC),6.64,1.34,0.702,0.568,0.473,0.245,7,1,real,Literature,preclinical,Exosomal miRNA,miRNA,up,Urinary
miR-8069,Pancreatic (PDAC),7.39,1.98,0.633,0.669,0.598,0.202,11,1,real,Literature,preclinical,Exosomal miRNA,miRNA,up,Urinary
miR-143,Pancreatic (PDAC),2.56,5.21,0.676,0.906,0.895,0.229,3,1,real,Literature,preclinical,miRNA (RNA),miRNA,down,Urinary
miR-223,Pancreatic (PDAC),8.68,0.44,0.772,0.84,0.813,0.289,1,1,real,Literature,preclinical,miRNA (RNA),miRNA,up,Urinary
miR-30e,Pancreatic (PDAC),0.83,7.34,0.918,0.592,0.503,0.38,12,1,real,Literature,preclinical,miRNA (RNA),miRNA,down,Urinary
miR-1246,Pancreatic (PDAC),8.28,1.78,0.922,0.933,0.746,0.383,30,1,real,Literature,clinical,miRNA (RNA),miRNA,up,Urinary
Calcium,Pancreatic (PDAC),8.24,1.7,0.73,0.782,0.74,0.263,9,1,real,Literature,preclinical,Metallomics,Metabolite,up,Urinary
Magnesium,Pancreatic (PDAC),6.58,0.99,0.894,0.561,0.464,0.365,4,1,real,Literature,preclinical,Metallomics,Metabolite,up,Urinary
VOCs,Pancreatic (PDAC),7.12,0.71,0.934,0.633,0.554,0.688,3,1,real,Literature,preclinical,Other,Protein,up,Urinary
CA19-9,Pancreatic (PDAC),8.48,0.56,0.945,0.942,0.78,0.846,260,1,real,Literature,clinical,Protein,Protein,up,Pancreatic Juice
MIC-1,Pancreatic (PDAC),6.52,1.71,0.791,0.553,0.454,0.73,9,1,real,Literature,preclinical,Protein,Protein,up,Pancreatic Juice
NGAL,Pancreatic (PDAC),7.61,0.98,0.658,0.699,0.636,0.631,4,1,real,Literature,preclinical,Protein,Protein,up,Pancreatic Juice
CEA,Pancreatic (PDAC),7.67,1.34,0.666,0.904,0.645,0.637,180,1,real,Literature,clinical,Protein,Protein,up,Pancreatic Juice
AMYP,Pancreatic (PDAC),7.4,1.98,0.632,0.67,0.6,0.611,11,1,real,Literature,preclinical,Protein,Protein,up,Pancreatic Juice
PRSS1,Pancreatic (PDAC),7.5,1.91,0.719,0.897,0.617,0.677,25,1,real,Literature,clinical,Protein,Protein,up,Pancreatic Juice
GP2-1,Pancreatic (PDAC),6.93,1.02,0.597,0.608,0.522,0.585,5,1,real,Literature,preclinical,Protein,Protein,up,Pancreatic Juice
CCDC132,Pancreatic (PDAC),7.88,1.64,0.563,0.734,0.68,0.56,9,1,real,Literature,preclinical,Protein,Protein,up,Pancreatic Juice
REG1A,Pancreatic (PDAC),8.03,0.93,0.795,0.921,0.704,0.734,35,1,real,Literature,clinical,Protein,Protein,up,Pancreatic Juice
REG1B,Pancreatic (PDAC),6.97,1.93,0.865,0.612,0.528,0.787,11,1,real,Literature,preclinical,Protein,Protein,up,Pancreatic Juice
REG3A,Pancreatic (PDAC),8.45,1.61,0.861,0.81,0.775,0.783,9,1,real,Literature,preclinical,Protein,Protein,up,Pancreatic Juice
LIPRP2,Pancreatic (PDAC),7.71,0.68,0.907,0.711,0.652,0.817,2,1,real,Literature,preclinical,Protein,Protein,up,Pancreatic Juice
KL-6/MUC1,Pancreatic (PDAC),9.42,1.64,0.846,0.939,0.936,0.772,9,1,real,Literature,preclinical,Protein,Protein,up,Pancreatic Juice
CPA5,Pancreatic (PDAC),9.21,1.66,0.552,0.912,0.902,0.551,9,1,real,Literature,preclinical,Protein,Protein,up,Pancreatic Juice
LIPRP1 (inactive),Pancreatic (PDAC),6.63,0.78,0.806,0.567,0.471,0.742,3,1,real,Literature,preclinical,Protein,Protein,up,Pancreatic Juice
KLK1,Pancreatic (PDAC),8.09,0.82,0.83,0.762,0.715,0.76,3,1,real,Literature,preclinical,Protein,Protein,up,Pancreatic Juice
HBD,Pancreatic (PDAC),7.53,1.66,0.692,0.688,0.622,0.657,9,1,real,Literature,preclinical,Protein,Protein,up,Pancreatic Juice
TTR,Pancreatic (PDAC),7.44,1.5,0.737,0.676,0.607,0.691,8,1,real,Literature,preclinical,Protein,Protein,up,Pancreatic Juice
S100P,Pancreatic (PDAC),9.22,0.82,0.573,0.913,0.904,0.567,3,1,real,Literature,preclinical,Protein,Protein,up,Pancreatic Juice
MMP-9,Pancreatic (PDAC),8.06,1.12,0.75,0.758,0.709,0.7,5,1,real,Literature,preclinical,Protein,Protein,up,Pancreatic Juice
MMP-7,Pancreatic (PDAC),8.28,1.53,0.877,0.787,0.746,0.795,8,1,real,Literature,preclinical,Protein,Protein,up,Pancreatic Juice
DJ-1,Pancreatic (PDAC),7.33,1.66,0.678,0.661,0.589,0.646,9,1,real,Literature,preclinical,Protein,Protein,up,Pancreatic Juice
A1BG,Pancreatic (PDAC),8.97,1.92,0.719,0.88,0.862,0.676,11,1,real,Literature,preclinical,Protein,Protein,up,Pancreatic Juice
PAP-1,Pancreatic (PDAC),8.84,1.53,0.797,0.862,0.84,0.735,8,1,real,Literature,preclinical,Protein,Protein,up,Pancreatic Juice
AGR2,Pancreatic (PDAC),8.54,1.1,0.683,0.822,0.791,0.65,5,1,real,Literature,preclinical,Protein,Protein,up,Pancreatic Juice
IL-8,Pancreatic (PDAC),7.99,0.84,0.927,0.749,0.698,0.833,3,1,real,Literature,preclinical,Protein,Protein,up,Pancreatic Juice
Cathepsin E,Pancreatic (PDAC),7.24,1.03,0.633,0.648,0.573,0.612,5,1,real,Literature,preclinical,Protein,Protein,up,Pancreatic Juice
miR-21,Pancreatic (PDAC),8.54,1.06,0.847,0.945,0.791,0.335,65,1,real,Literature,clinical,RNA (miRNA),miRNA,up,Pancreatic Juice
miR-155,Pancreatic (PDAC),7.27,1.18,0.755,0.653,0.578,0.278,6,1,real,Literature,preclinical,RNA (miRNA),miRNA,up,Pancreatic Juice
miR-205,Pancreatic (PDAC),7.42,0.58,0.818,0.673,0.604,0.317,2,1,real,Literature,preclinical,RNA (miRNA),miRNA,up,Pancreatic Juice
miR-210,Pancreatic (PDAC),8.78,2.1,0.854,0.854,0.829,0.34,12,1,real,Literature,preclinical,RNA (miRNA),miRNA,up,Pancreatic Juice
miR-492,Pancreatic (PDAC),8.5,1.1,0.89,0.816,0.783,0.363,5,1,real,Literature,preclinical,RNA (miRNA),miRNA,up,Pancreatic Juice
miR-1427,Pancreatic (PDAC),8.13,1.25,0.883,0.768,0.722,0.358,6,1,real,Literature,preclinical,RNA (miRNA),miRNA,up,Pancreatic Juice
Mesothelin (mRNA),Pancreatic (PDAC),6.62,1.47,0.892,0.566,0.47,0.364,8,1,real,Literature,preclinical,RNA,RNA,up,Pancreatic Juice
hTERT,Pancreatic (PDAC),6.95,1.63,0.775,0.61,0.525,0.291,9,1,real,Literature,preclinical,RNA (other),RNA,up,Pancreatic Juice
Telomerase activity,Pancreatic (PDAC),7.41,1.86,0.582,0.671,0.601,0.17,10,1,real,Literature,preclinical,RNA (other),RNA,up,Pancreatic Juice
CEACAM1,Pancreatic (PDAC),9.39,1.71,0.741,0.935,0.931,0.886,9,1,real,Literature,preclinical,Liquid biopsy (Exosome),Liquid Biopsy,up,Pancreatic Juice
CEACAM5,Pancreatic (PDAC),7.68,0.93,0.602,0.707,0.646,0.823,4,1,real,Literature,preclinical,Liquid biopsy (Exosome),Liquid Biopsy,up,Pancreatic Juice
Tenascin C,Pancreatic (PDAC),8.65,2.04,0.853,0.837,0.808,0.936,11,1,real,Literature,preclinical,Liquid biopsy (Exosome),Liquid Biopsy,up,Pancreatic Juice
MMP7,Pancreatic (PDAC),7.43,0.9,0.822,0.674,0.605,0.923,4,1,real,Literature,preclinical,Liquid biopsy (Exosome),Liquid Biopsy,up,Pancreatic Juice
LAMB3,Pancreatic (PDAC),9.3,0.56,0.723,0.924,0.917,0.878,2,1,real,Literature,preclinical,Liquid biopsy (Exosome),Liquid Biopsy,up,Pancreatic Juice
LAMC2,Pancreatic (PDAC),9.36,1.85,0.664,0.931,0.926,0.851,10,1,real,Literature,preclinical,Liquid biopsy (Exosome),Liquid Biopsy,up,Pancreatic Juice
MUC1,Pancreatic (PDAC),8.05,1.6,0.669,0.757,0.708,0.854,9,1,real,Literature,preclinical,Liquid biopsy (Exosome),Liquid Biopsy,up,Pancreatic Juice
MUC4,Pancreatic (PDAC),7.81,1.05,0.868,0.725,0.669,0.943,5,1,real,Literature,preclinical,Liquid biopsy (Exosome),Liquid Biopsy,up,Pancreatic Juice
MUC5AC,Pancreatic (PDAC),7.28,1.94,0.72,0.886,0.579,0.876,55,1,real,Literature,clinical,Liquid biopsy (Exosome),Liquid Biopsy,up,Pancreatic Juice
MUC6,Pancreatic (PDAC),7.54,1.2,0.911,0.689,0.624,0.963,6,1,real,Literature,preclinical,Liquid biopsy (Exosome),Liquid Biopsy,up,Pancreatic Juice
MUC16,Pancreatic (PDAC),8.05,1.9,0.709,0.922,0.708,0.871,70,1,real,Literature,clinical,Liquid biopsy (Exosome),Liquid Biopsy,up,Pancreatic Juice
CFTR,Pancreatic (PDAC),8.92,0.66,0.639,0.872,0.853,0.84,2,1,real,Literature,preclinical,Liquid biopsy (Exosome),Liquid Biopsy,up,Pancreatic Juice
MDR1,Pancreatic (PDAC),9.21,0.84,0.566,0.911,0.901,0.807,3,1,real,Literature,preclinical,Liquid biopsy (Exosome),Liquid Biopsy,up,Pancreatic Juice
ex-miR-21,Pancreatic (PDAC),8.27,0.72,0.563,0.786,0.745,0.158,3,1,real,Literature,preclinical,Liquid biopsy (Exosomal miRNA),miRNA,up,Pancreatic Juice
ex-miR-155,Pancreatic (PDAC),6.95,1.92,0.815,0.61,0.525,0.316,11,1,real,Literature,preclinical,Liquid biopsy (Exosomal miRNA),miRNA,up,Pancreatic Juice
KRAS (methylated DNA),Pancreatic (PDAC),8.93,0.79,0.698,0.874,0.856,0.511,3,1,real,Literature,preclinical,Liquid biopsy (DNA),Protein,up,Pancreatic Juice
ppENK (methylated DNA),Pancreatic (PDAC),1.75,4.56,0.729,0.76,0.712,0.534,1,1,real,Literature,preclinical,Liquid biopsy (DNA),Protein,down,Pancreatic Juice
p16 (methylated DNA),Pancreatic (PDAC),1.57,6.35,0.628,0.726,0.67,0.458,8,1,real,Literature,preclinical,Liquid biopsy (DNA),Protein,down,Pancreatic Juice
Cyclin D2 (methylated DNA),Pancreatic (PDAC),6.8,1.23,0.683,0.59,0.5,0.5,6,1,real,Literature,preclinical,Liquid biopsy (DNA),Protein,up,Pancreatic Juice
FOXE1 (methylated DNA),Pancreatic (PDAC),1.74,6.41,0.685,0.758,0.71,0.501,8,1,real,Literature,preclinical,Liquid biopsy (DNA),Protein,down,Pancreatic Juice
NPTX2 (methylated DNA),Pancreatic (PDAC),2.13,5.79,0.654,0.829,0.799,0.478,6,1,real,Literature,preclinical,Liquid biopsy (DNA),Protein,down,Pancreatic Juice
TFPI2 (methylated DNA),Pancreatic (PDAC),1.33,4.53,0.908,0.682,0.615,0.669,1,1,real,Literature,preclinical,Liquid biopsy (DNA),Protein,down,Pancreatic Juice
CD1D (methylated DNA),Pancreatic (PDAC),1.02,6.04,0.672,0.627,0.546,0.491,7,1,real,Literature,preclinical,Liquid biopsy (DNA),Protein,down,Pancreatic Juice
KCNK12 (methylated DNA),Pancreatic (PDAC),2.28,4.92,0.686,0.855,0.832,0.502,2,1,real,Literature,preclinical,Liquid biopsy (DNA),Protein,down,Pancreatic Juice
CLEC11A (methylated DNA),Pancreatic (PDAC),1.02,5.21,0.764,0.626,0.545,0.56,3,1,real,Literature,preclinical,Liquid biopsy (DNA),Protein,down,Pancreatic Juice
NDRG4 (methylated DNA),Pancreatic (PDAC),2.06,5.65,0.807,0.815,0.781,0.593,5,1,real,Literature,preclinical,Liquid biopsy (DNA),Protein,down,Pancreatic Juice
IKZF1 (methylated DNA),Pancreatic (PDAC),1.87,6.5,0.942,0.781,0.739,0.694,8,1,real,Literature,preclinical,Liquid biopsy (DNA),Protein,down,Pancreatic Juice
PKRCB (methylated DNA),Pancreatic (PDAC),1.16,4.66,0.89,0.652,0.578,0.655,1,1,real,Literature,preclinical,Liquid biopsy (DNA),Protein,down,Pancreatic Juice
MUC1 (methylated DNA),Pancreatic (PDAC),7.39,1.12,0.795,0.669,0.599,0.584,5,1,real,Literature,preclinical,Liquid biopsy (DNA),Protein,up,Pancreatic Juice
MUC2 (methylated DNA),Pancreatic (PDAC),7.48,1.78,0.8,0.681,0.614,0.587,10,1,real,Literature,preclinical,Liquid biopsy (DNA),Protein,up,Pancreatic Juice
MUC4 (methylated DNA),Pancreatic (PDAC),7.67,1.83,0.751,0.706,0.645,0.551,10,1,real,Literature,preclinical,Liquid biopsy (DNA),Protein,up,Pancreatic Juice
CEA,Pancreatic (PDAC),7.67,1.34,0.666,0.904,0.645,0.637,180,1,real,Literature,clinical,Protein,Protein,up,Pancreatic Cyst Fluid
Glucose,Pancreatic (PDAC),9.2,1.22,0.726,0.911,0.901,0.682,6,1,real,Literature,preclinical,Protein,Protein,up,Pancreatic Cyst Fluid
MUC4,Pancreatic (PDAC),7.81,1.05,0.868,0.725,0.669,0.789,5,1,real,Literature,preclinical,Protein,Protein,up,Pancreatic Cyst Fluid
PGE2,Pancreatic (PDAC),6.61,0.62,0.8,0.565,0.468,0.738,2,1,real,Literature,preclinical,Protein,Protein,up,Pancreatic Cyst Fluid
IL-1B,Pancreatic (PDAC),8.46,0.76,0.75,0.812,0.777,0.7,3,1,real,Literature,preclinical,Protein,Protein,up,Pancreatic Cyst Fluid
PGE synthetase 2,Pancreatic (PDAC),7.84,1.27,0.579,0.728,0.673,0.571,6,1,real,Literature,preclinical,Protein,Protein,up,Pancreatic Cyst Fluid
IL-4,Pancreatic (PDAC),7.2,1.49,0.942,0.644,0.567,0.844,8,1,real,Literature,preclinical,Protein,Protein,up,Pancreatic Cyst Fluid
CA72-4,Pancreatic (PDAC),7.69,1.34,0.842,0.708,0.648,0.769,7,1,real,Literature,preclinical,Protein,Protein,up,Pancreatic Cyst Fluid
sFASL,Pancreatic (PDAC),7.69,2.15,0.792,0.709,0.649,0.731,12,1,real,Literature,preclinical,Protein,Protein,up,Pancreatic Cyst Fluid
MMP9,Pancreatic (PDAC),6.57,0.8,0.746,0.56,0.462,0.697,3,1,real,Literature,preclinical,Protein,Protein,up,Pancreatic Cyst Fluid
AREG (Amphiregulin),Pancreatic (PDAC),9.38,1.58,0.9,0.935,0.931,0.813,8,1,real,Literature,preclinical,Protein,Protein,up,Pancreatic Cyst Fluid
SPINK1,Pancreatic (PDAC),9.12,1.65,0.721,0.972,0.887,0.678,25,1,real,Literature,clinical,Protein,Protein,up,Pancreatic Cyst Fluid
mAB Das-1,Pancreatic (PDAC),7.97,1.89,0.678,0.746,0.695,0.646,10,1,real,Literature,preclinical,Protein,Protein,up,Pancreatic Cyst Fluid
IL-10,Pancreatic (PDAC),8.0,1.18,0.713,0.749,0.699,0.672,6,1,real,Literature,preclinical,Protein,Protein,up,Pancreatic Cyst Fluid
GM-CSF,Pancreatic (PDAC),7.37,0.76,0.819,0.667,0.596,0.752,3,1,real,Literature,preclinical,Protein,Protein,up,Pancreatic Cyst Fluid
MUC1,Pancreatic (PDAC),8.05,1.6,0.669,0.757,0.708,0.639,9,1,real,Literature,preclinical,Protein,Protein,up,Pancreatic Cyst Fluid
MUC2,Pancreatic (PDAC),7.25,0.6,0.86,0.65,0.575,0.783,2,1,real,Literature,preclinical,Protein,Protein,up,Pancreatic Cyst Fluid
MUC5AC,Pancreatic (PDAC),7.28,1.94,0.72,0.886,0.579,0.677,55,1,real,Literature,clinical,Protein,Protein,up,Pancreatic Cyst Fluid
miR-21,Pancreatic (PDAC),8.54,1.06,0.847,0.945,0.791,0.335,65,1,real,Literature,clinical,RNA (miRNA),miRNA,up,Pancreatic Cyst Fluid
miR-221,Pancreatic (PDAC),8.58,1.11,0.72,0.827,0.796,0.256,5,1,real,Literature,preclinical,RNA (miRNA),miRNA,up,Pancreatic Cyst Fluid
miR-18a,Pancreatic (PDAC),8.06,0.58,0.676,0.758,0.71,0.229,2,1,real,Literature,preclinical,RNA (miRNA),miRNA,up,Pancreatic Cyst Fluid
miR-24,Pancreatic (PDAC),8.37,1.35,0.782,0.799,0.762,0.295,7,1,real,Literature,preclinical,RNA (miRNA),miRNA,up,Pancreatic Cyst Fluid
miR-30a-3p,Pancreatic (PDAC),9.03,1.92,0.906,0.888,0.872,0.373,11,1,real,Literature,preclinical,RNA (miRNA),miRNA,up,Pancreatic Cyst Fluid
miR-92a,Pancreatic (PDAC),7.98,1.4,0.931,0.747,0.696,0.388,7,1,real,Literature,preclinical,RNA (miRNA),miRNA,up,Pancreatic Cyst Fluid
miR-99b,Pancreatic (PDAC),8.58,1.26,0.662,0.828,0.797,0.22,6,1,real,Literature,preclinical,RNA (miRNA),miRNA,up,Pancreatic Cyst Fluid
miR-106b,Pancreatic (PDAC),7.31,0.74,0.89,0.659,0.586,0.363,3,1,real,Literature,preclinical,RNA (miRNA),miRNA,up,Pancreatic Cyst Fluid
miR-142-3p,Pancreatic (PDAC),7.98,1.12,0.85,0.748,0.697,0.337,5,1,real,Literature,preclinical,RNA (miRNA),miRNA,up,Pancreatic Cyst Fluid
miR-342-3p,Pancreatic (PDAC),7.62,0.51,0.759,0.699,0.636,0.281,1,1,real,Literature,preclinical,RNA (miRNA),miRNA,up,Pancreatic Cyst Fluid
miR-532-3p,Pancreatic (PDAC),8.96,2.17,0.742,0.877,0.859,0.27,12,1,real,Literature,preclinical,RNA (miRNA),miRNA,up,Pancreatic Cyst Fluid
KRAS mutations,Pancreatic (PDAC),9.26,1.24,0.886,0.918,0.91,0.36,6,1,real,Literature,preclinical,DNA (Other),ctDNA / DNA,up,Pancreatic Cyst Fluid
GNAS mutations,Pancreatic (PDAC),7.54,2.06,0.932,0.688,0.623,0.389,12,1,real,Literature,preclinical,DNA (Other),ctDNA / DNA,up,Pancreatic Cyst Fluid
HOTAIR,Pancreatic (PDAC),6.76,1.72,0.808,0.584,0.493,0.311,9,1,real,Literature,preclinical,RNA (LncRNA),lncRNA,up,Salivary
PVT1,Pancreatic (PDAC),8.61,1.36,0.682,0.832,0.802,0.233,7,1,real,Literature,preclinical,RNA (LncRNA),lncRNA,up,Salivary
miR-21,Pancreatic (PDAC),8.54,1.06,0.847,0.945,0.791,0.335,65,1,real,Literature,clinical,RNA (miRNA),miRNA,up,Salivary
miR-23a,Pancreatic (PDAC),7.93,1.16,0.69,0.741,0.689,0.237,6,1,real,Literature,preclinical,RNA (miRNA),miRNA,up,Salivary
miR-23b,Pancreatic (PDAC),7.59,0.66,0.644,0.696,0.632,0.209,2,1,real,Literature,preclinical,RNA (miRNA),miRNA,up,Salivary
miR-29c,Pancreatic (PDAC),2.78,6.85,0.794,0.946,0.945,0.303,10,1,real,Literature,preclinical,RNA (miRNA),miRNA,down,Salivary
miR-1246,Pancreatic (PDAC),8.28,1.78,0.922,0.933,0.746,0.383,30,1,real,Literature,clinical,RNA (miRNA),miRNA,up,Salivary
miR-4644,Pancreatic (PDAC),8.58,0.76,0.678,0.827,0.797,0.23,3,1,real,Literature,preclinical,RNA (miRNA),miRNA,up,Salivary
miR-34a,Pancreatic (PDAC),2.5,6.95,0.869,0.895,0.882,0.349,10,1,real,Literature,preclinical,RNA (miRNA),miRNA,down,Salivary
miR-155,Pancreatic (PDAC),7.27,1.18,0.755,0.653,0.578,0.278,6,1,real,Literature,preclinical,RNA (miRNA),miRNA,up,Salivary
miR-200b,Pancreatic (PDAC),1.84,4.59,0.873,0.776,0.732,0.352,1,1,real,Literature,preclinical,RNA (miRNA),miRNA,down,Salivary
miR-376a,Pancreatic (PDAC),8.65,1.66,0.67,0.837,0.809,0.225,9,1,real,Literature,preclinical,RNA (miRNA),miRNA,up,Salivary
miR-216,Pancreatic (PDAC),9.4,2.17,0.61,0.937,0.933,0.187,12,1,real,Literature,preclinical,RNA (miRNA),miRNA,up,Salivary
miR-940,Pancreatic (PDAC),7.82,2.03,0.863,0.726,0.669,0.346,11,1,real,Literature,preclinical,RNA (miRNA),miRNA,up,Salivary
miR-3679-5p,Pancreatic (PDAC),8.79,0.91,0.793,0.856,0.832,0.302,4,1,real,Literature,preclinical,RNA (miRNA),miRNA,up,Salivary
miR-17,Pancreatic (PDAC),8.17,0.78,0.84,0.773,0.729,0.331,3,1,real,Literature,preclinical,RNA (miRNA),miRNA,up,Salivary
miR-181b,Pancreatic (PDAC),7.54,0.71,0.724,0.689,0.623,0.259,3,1,real,Literature,preclinical,RNA (miRNA),miRNA,up,Salivary
miR-196a,Pancreatic (PDAC),6.77,2.08,0.819,0.586,0.495,0.318,12,1,real,Literature,preclinical,RNA (miRNA),miRNA,up,Salivary
Alanine,Pancreatic (PDAC),8.52,0.43,0.626,0.819,0.786,0.197,1,1,real,Literature,preclinical,Salivary polyamine,Metabolite,up,Salivary
N1-acetylspermidine,Pancreatic (PDAC),8.74,0.96,0.779,0.848,0.823,0.293,4,1,real,Literature,preclinical,Salivary polyamine,Metabolite,up,Salivary
2-oxobutyrate,Pancreatic (PDAC),7.78,1.38,0.853,0.72,0.663,0.339,7,1,real,Literature,preclinical,Salivary polyamine,Metabolite,up,Salivary
2-hydroxybutyrate,Pancreatic (PDAC),6.59,0.88,0.76,0.562,0.465,0.281,4,1,real,Literature,preclinical,Salivary polyamine,Metabolite,up,Salivary
VEGF,Pancreatic (PDAC),7.43,0.73,0.777,0.674,0.605,0.721,3,1,real,Literature,preclinical,Protein,Protein,up,Biliary
CA19-9,Pancreatic (PDAC),8.48,0.56,0.945,0.942,0.78,0.846,260,1,real,Literature,clinical,Protein,Protein,up,Biliary
CA125,Pancreatic (PDAC),8.32,1.82,0.904,0.793,0.754,0.816,10,1,real,Literature,preclinical,Protein,Protein,up,Biliary
CA72-4,Pancreatic (PDAC),7.69,1.34,0.842,0.708,0.648,0.769,7,1,real,Literature,preclinical,Protein,Protein,up,Biliary
CEA,Pancreatic (PDAC),7.67,1.34,0.666,0.904,0.645,0.637,180,1,real,Literature,clinical,Protein,Protein,up,Biliary
sLR11,Pancreatic (PDAC),9.14,1.91,0.666,0.902,0.89,0.637,11,1,real,Literature,preclinical,Protein,Protein,up,Biliary
MUC4,Pancreatic (PDAC),7.81,1.05,0.868,0.725,0.669,0.789,5,1,real,Literature,preclinical,Protein,Protein,up,Biliary
IGF-1,Pancreatic (PDAC),8.09,0.57,0.875,0.762,0.714,0.794,2,1,real,Literature,preclinical,Protein,Protein,up,Biliary
NGAL,Pancreatic (PDAC),7.61,0.98,0.658,0.699,0.636,0.631,4,1,real,Literature,preclinical,Protein,Protein,up,Biliary
CEAM6,Pancreatic (PDAC),9.13,1.2,0.76,0.9,0.888,0.707,6,1,real,Literature,preclinical,Protein,Protein,up,Biliary
LG3BP,Pancreatic (PDAC),9.38,1.13,0.564,0.934,0.93,0.56,5,1,real,Literature,preclinical,Protein,Protein,up,Biliary
MMP7,Pancreatic (PDAC),7.43,0.9,0.822,0.674,0.605,0.754,4,1,real,Literature,preclinical,Protein,Protein,up,Biliary
MUC5B,Pancreatic (PDAC),8.88,1.95,0.665,0.867,0.846,0.636,11,1,real,Literature,preclinical,Protein,Protein,up,Biliary
MCM5,Pancreatic (PDAC),6.76,1.01,0.696,0.584,0.493,0.659,5,1,real,Literature,preclinical,Protein,Protein,up,Biliary
Trypsinogen-1,Pancreatic (PDAC),7.88,1.95,0.588,0.734,0.68,0.579,11,1,real,Literature,preclinical,Protein,Protein,up,Biliary
Trypsinogen-2,Pancreatic (PDAC),8.29,0.4,0.585,0.789,0.749,0.576,1,1,real,Literature,preclinical,Protein,Protein,up,Biliary
TFPI2 (methylated DNA),Pancreatic (PDAC),7.49,0.42,0.908,0.682,0.615,0.669,1,1,real,Literature,preclinical,Liquid biopsy,Protein,up,Biliary
NPTX2 (methylated DNA),Pancreatic (PDAC),8.59,1.18,0.654,0.829,0.799,0.478,6,1,real,Literature,preclinical,Liquid biopsy,Protein,up,Biliary
CCND2 (methylated DNA),Pancreatic (PDAC),8.89,1.87,0.564,0.869,0.849,0.41,10,1,real,Literature,preclinical,Liquid biopsy,Protein,up,Biliary
miR-10b,Pancreatic (PDAC),9.05,1.33,0.696,0.89,0.874,0.241,7,1,real,Literature,preclinical,RNA (miRNA),miRNA,up,Biliary
miR-106b,Pancreatic (PDAC),7.31,0.74,0.89,0.659,0.586,0.363,3,1,real,Literature,preclinical,RNA (miRNA),miRNA,up,Biliary
miR-30c,Pancreatic (PDAC),7.59,1.37,0.608,0.695,0.632,0.186,7,1,real,Literature,preclinical,RNA (miRNA),miRNA,up,Biliary
miR-155,Pancreatic (PDAC),7.27,1.18,0.755,0.653,0.578,0.278,6,1,real,Literature,preclinical,RNA (miRNA),miRNA,up,Biliary
miR-212,Pancreatic (PDAC),9.48,0.45,0.912,0.947,0.946,0.376,1,1,real,Literature,preclinical,RNA (miRNA),miRNA,up,Biliary
miR-1247,Pancreatic (PDAC),7.9,1.06,0.887,0.737,0.683,0.361,5,1,real,Literature,preclinical,RNA (miRNA),miRNA,up,Biliary
miR-200a,Pancreatic (PDAC),1.22,7.31,0.566,0.662,0.591,0.16,12,1,real,Literature,preclinical,RNA (miRNA),miRNA,down,Biliary
miR-200b,Pancreatic (PDAC),1.84,4.59,0.873,0.776,0.732,0.352,1,1,real,Literature,preclinical,RNA (miRNA),miRNA,down,Biliary
Adnab-9,Pancreatic (PDAC),8.01,0.59,0.733,0.751,0.702,0.688,2,1,real,Literature,preclinical,Protein,Protein,up,Faecal
miR-181b,Pancreatic (PDAC),7.54,0.71,0.724,0.689,0.623,0.259,3,1,real,Literature,preclinical,RNA (miRNA),miRNA,up,Faecal
miR-210,Pancreatic (PDAC),8.78,2.1,0.854,0.854,0.829,0.34,12,1,real,Literature,preclinical,RNA (miRNA),miRNA,up,Faecal
miR-155,Pancreatic (PDAC),7.27,1.18,0.755,0.653,0.578,0.278,6,1,real,Literature,preclinical,RNA (miRNA),miRNA,up,Faecal
miR-216a,Pancreatic (PDAC),6.53,1.99,0.694,0.554,0.454,0.24,11,1,real,Literature,preclinical,RNA (miRNA),miRNA,up,Faecal
miR-196a,Pancreatic (PDAC),6.77,2.08,0.819,0.586,0.495,0.318,12,1,real,Literature,preclinical,RNA (miRNA),miRNA,up,Faecal
miR-143,Pancreatic (PDAC),2.56,5.21,0.676,0.906,0.895,0.229,3,1,real,Literature,preclinical,RNA (miRNA),miRNA,down,Faecal
Mutant KRAS,Pancreatic (PDAC),8.59,1.4,0.561,0.829,0.799,0.409,7,1,real,Literature,preclinical,Liquid biopsy,Protein,up,Faecal
mBMP3,Pancreatic (PDAC),8.22,1.24,0.712,0.779,0.736,0.251,6,1,real,Literature,preclinical,Liquid biopsy (methylated DNA),ctDNA / DNA,up,Faecal
RB1,Pancreatic (PDAC),1.58,6.36,0.752,0.727,0.672,0.276,8,1,real,Literature,preclinical,Tumor suppressor,Gene,down,Structural Variant Gene
MDC1,Pancreatic (PDAC),1.3,5.43,0.933,0.678,0.61,0.389,4,1,real,Literature,preclinical,DNA damage response,ctDNA / DNA,down,Structural Variant Gene
SMARCB1,Pancreatic (PDAC),2.2,5.82,0.785,0.84,0.813,0.297,6,1,real,Literature,preclinical,Tumor suppressor,Gene,down,Structural Variant Gene
RPLP0P2,Pancreatic (PDAC),4.51,4.61,0.798,0.384,0.786,0.305,1,0,computationally_derived,Synthetic,predicted,Pseudogene (Not biomarker),Gene,neutral,Structural Variant Gene
KEAP1,Pancreatic (PDAC),8.53,0.56,0.674,0.821,0.788,0.228,2,1,real,Literature,preclinical,Oxidative stress regulator,Gene,up,Structural Variant Gene
TESK2,Pancreatic (PDAC),3.53,4.01,0.664,0.254,0.461,0.221,1,0,computationally_derived,Synthetic,predicted,Kinase (Not validated),Gene,neutral,Structural Variant Gene
SLC4A4,Pancreatic (PDAC),3.89,3.65,0.877,0.301,0.578,0.354,0,0,computationally_derived,Synthetic,predicted,Transporter (Not validated),Gene,neutral,Structural Variant Gene
RPS6KA4,Pancreatic (PDAC),7.11,1.51,0.763,0.632,0.552,0.283,8,1,real,Literature,preclinical,Oncogenic kinase,Gene,up,Structural Variant Gene
GJA1,Pancreatic (PDAC),4.74,4.48,0.734,0.415,0.863,0.265,0,0,computationally_derived,Synthetic,predicted,Gap junction protein (not biomarker),Gene,neutral,Structural Variant Gene
TFG,Pancreatic (PDAC),9.43,1.1,0.696,0.941,0.939,0.241,5,1,real,Literature,preclinical,Oncogenic fusion protein,Gene,up,Structural Variant Gene
RPS19,Pancreatic (PDAC),3.97,3.68,0.682,0.313,0.607,0.233,0,0,computationally_derived,Synthetic,predicted,Ribosomal protein (not biomarker),Gene,neutral,Structural Variant Gene
PPP2R1A,Pancreatic (PDAC),1.26,6.22,0.585,0.67,0.6,0.172,7,1,real,Literature,preclinical,Tumor suppressor,Gene,down,Structural Variant Gene
CHEK1,Pancreatic (PDAC),7.91,2.03,0.843,0.738,0.685,0.333,11,1,real,Literature,preclinical,DNA damage checkpoint,ctDNA / DNA,up,Structural Variant Gene
AKT3,Pancreatic (PDAC),6.66,2.16,0.898,0.572,0.477,0.367,12,1,real,Literature,preclinical,Oncogene,Gene,up,Structural Variant Gene
TRIM24,Pancreatic (PDAC),9.02,0.63,0.709,0.886,0.87,0.25,2,1,real,Literature,preclinical,Oncogene,Gene,up,Structural Variant Gene
AKT1,Pancreatic (PDAC),9.22,0.61,0.924,0.913,0.903,0.384,2,1,real,Literature,preclinical,Oncogene,Gene,up,Structural Variant Gene
SOX9,Pancreatic (PDAC),7.55,1.26,0.646,0.689,0.624,0.21,6,1,real,Literature,preclinical,Developmental oncogene,Gene,up,Structural Variant Gene
B2M,Pancreatic (PDAC),7.58,1.79,0.583,0.693,0.629,0.171,10,1,real,Literature,preclinical,"Immune regulator, cancer progression",Gene,up,Structural Variant Gene
TP63,Pancreatic (PDAC),7.25,1.34,0.934,0.65,0.576,0.39,7,1,real,Literature,preclinical,p53 family oncogene,Gene,up,Structural Variant Gene
ICOSLG,Pancreatic (PDAC),7.96,1.84,0.587,0.745,0.693,0.173,10,1,real,Literature,preclinical,Immune checkpoint,Gene,up,Structural Variant Gene
UNC13C,Pancreatic (PDAC),3.62,3.5,0.66,0.266,0.491,0.219,0,0,computationally_derived,Synthetic,predicted,Synaptic vesicle priming (Not biomarker),Gene,neutral,Structural Variant Gene
ZNF284,Pancreatic (PDAC),3.63,3.54,0.727,0.268,0.495,0.26,0,0,computationally_derived,Synthetic,predicted,Transcription factor (Not validated),Gene,neutral,Structural Variant Gene
P3H2,Pancreatic (PDAC),3.85,3.62,0.744,0.296,0.565,0.271,0,0,computationally_derived,Synthetic,predicted,Hydroxylase (Not validated),Gene,neutral,Structural Variant Gene
RECQL,Pancreatic (PDAC),0.86,4.76,0.771,0.598,0.51,0.288,2,1,real,Literature,preclinical,"DNA repair, tumor suppressor",ctDNA / DNA,down,Structural Variant Gene
DDX10,Pancreatic (PDAC),8.17,2.02,0.725,0.773,0.728,0.259,11,1,real,Literature,preclinical,Oncogene,Gene,up,Structural Variant Gene
SND1,Pancreatic (PDAC),9.16,0.45,0.84,0.905,0.894,0.331,1,1,real,Literature,preclinical,Oncogene,Gene,up,Structural Variant Gene
NUP93,Pancreatic (PDAC),6.95,1.74,0.65,0.611,0.526,0.213,9,1,real,Literature,preclinical,Nuclear pore protein (oncogenic role),Gene,up,Structural Variant Gene
EML4,Pancreatic (PDAC),8.44,2.03,0.919,0.809,0.774,0.381,11,1,real,Literature,preclinical,Oncogenic fusion partner,Gene,up,Structural Variant Gene
INPP4B,Pancreatic (PDAC),1.91,7.41,0.753,0.788,0.747,0.277,12,1,real,Literature,preclinical,Tumor suppressor,Gene,down,Structural Variant Gene
SHTN1,Pancreatic (PDAC),4.16,4.42,0.904,0.338,0.669,0.371,1,0,computationally_derived,Synthetic,predicted,Axon guidance (Not biomarker),Gene,neutral,Structural Variant Gene
EWSR1,Pancreatic (PDAC),8.28,1.9,0.571,0.787,0.746,0.163,10,1,real,Literature,preclinical,Fusion oncogene,Gene,up,Structural Variant Gene
TP53,Pancreatic (PDAC),1.61,5.63,0.709,0.914,0.68,0.249,160,1,real,Literature,clinical,Tumor suppressor,Gene,down,Structural Variant Gene
MAOB,Pancreatic (PDAC),4.87,4.66,0.854,0.433,0.908,0.34,0,0,computationally_derived,Synthetic,predicted,Metabolic enzyme (Not biomarker),Gene,neutral,Structural Variant Gene
GIPR,Pancreatic (PDAC),4.55,4.76,0.663,0.39,0.8,0.851,1,0,computationally_derived,Synthetic,predicted,GPCR (Not biomarker),Gene,neutral,Structural Variant Gene
AIRE,Pancreatic (PDAC),4.33,4.29,0.582,0.361,0.727,0.17,0,0,computationally_derived,Synthetic,predicted,Immune regulator (Not biomarker),Gene,neutral,Structural Variant Gene
AGAP1,Pancreatic (PDAC),4.31,4.23,0.636,0.358,0.719,0.204,0,0,computationally_derived,Synthetic,predicted,GTPase regulator (Not biomarker),Gene,neutral,Structural Variant Gene
PIK3R1,Pancreatic (PDAC),7.73,1.86,0.774,0.714,0.655,0.29,10,1,real,Literature,preclinical,Oncogene,Gene,up,Structural Variant Gene
CBARP,Pancreatic (PDAC),4.76,5.09,0.904,0.418,0.87,0.371,1,0,computationally_derived,Synthetic,predicted,Calcium-binding protein (Not biomarker),Gene,neutral,Structural Variant Gene
CD79A,Pancreatic (PDAC),7.45,2.15,0.757,0.677,0.609,0.279,12,1,real,Literature,preclinical,Immune signaling (oncogenic role),Gene,up,Structural Variant Gene
BRIP1,Pancreatic (PDAC),1.65,5.68,0.764,0.741,0.688,0.283,5,1,real,Literature,preclinical,"DNA repair, tumor suppressor",ctDNA / DNA,down,Structural Variant Gene
HMGXB4,Pancreatic (PDAC),4.67,4.52,0.672,0.406,0.841,0.226,0,0,computationally_derived,Synthetic,predicted,Transcription factor (not validated),Gene,neutral,Structural Variant Gene
TSPAN9,Pancreatic (PDAC),3.72,3.24,0.832,0.279,0.522,0.927,0,0,computationally_derived,Synthetic,predicted,Membrane protein (not validated),Gene,neutral,Structural Variant Gene
RAD21,Pancreatic (PDAC),8.04,0.48,0.721,0.756,0.707,0.257,1,1,real,Literature,preclinical,DNA repair/oncogene,ctDNA / DNA,up,Structural Variant Gene
AGMO,Pancreatic (PDAC),4.26,4.6,0.925,0.352,0.704,0.384,1,0,computationally_derived,Synthetic,predicted,Metabolic enzyme (not biomarker),Gene,neutral,Structural Variant Gene
H3C3,Pancreatic (PDAC),7.86,1.62,0.639,0.732,0.677,0.205,9,1,real,Literature,preclinical,Chromatin modifier (oncogenic),Gene,up,Structural Variant Gene
H3C4,Pancreatic (PDAC),9.24,0.82,0.799,0.915,0.906,0.306,3,1,real,Literature,preclinical,Chromatin modifier (oncogenic),Gene,up,Structural Variant Gene
H3C6,Pancreatic (PDAC),8.49,1.51,0.747,0.815,0.782,0.273,8,1,real,Literature,preclinical,Chromatin modifier (oncogenic),Gene,up,Structural Variant Gene
ZRSR2,Pancreatic (PDAC),2.62,5.92,0.609,0.917,0.909,0.187,6,1,real,Literature,preclinical,"Splicing factor, tumor suppressor",Gene,down,Structural Variant Gene
INSR,Pancreatic (PDAC),7.22,1.83,0.579,0.646,0.57,0.168,10,1,real,Literature,preclinical,Growth signaling oncogene,Gene,up,Structural Variant Gene
BRAF,Pancreatic (PDAC),7.07,1.35,0.898,0.626,0.546,0.368,7,1,real,Literature,preclinical,Oncogene,Gene,up,Structural Variant Gene
GRIN2B,Pancreatic (PDAC),4.33,4.59,0.94,0.361,0.727,0.975,1,0,computationally_derived,Synthetic,predicted,Receptor (not biomarker),Gene,neutral,Structural Variant Gene
UBAC1,Pancreatic (PDAC),4.97,5.18,0.614,0.446,0.94,0.19,1,0,computationally_derived,Synthetic,predicted,Ubiquitin pathway (not biomarker),Gene,neutral,Structural Variant Gene
SMARCA4,Pancreatic (PDAC),1.28,6.43,0.596,0.673,0.604,0.179,8,1,real,Literature,preclinical,Tumor suppressor,Gene,down,Structural Variant Gene
ZZZ3,Pancreatic (PDAC),4.85,4.93,0.612,0.43,0.9,0.188,1,0,computationally_derived,Synthetic,predicted,Transcription regulator (not biomarker),Gene,neutral,Structural Variant Gene
FUBP1,Pancreatic (PDAC),6.82,1.54,0.627,0.593,0.503,0.198,8,1,real,Literature,preclinical,Oncogene/transcription factor,Gene,up,Structural Variant Gene
FAT1,Pancreatic (PDAC),1.56,6.55,0.673,0.724,0.667,0.227,9,1,real,Literature,preclinical,Tumor suppressor,Gene,down,Structural Variant Gene
ATM,Pancreatic (PDAC),1.21,6.86,0.828,0.889,0.589,0.324,55,1,real,Literature,clinical,"DNA damage checkpoint, tumor suppressor",ctDNA / DNA,down,Structural Variant Gene
CTRC,Pancreatic (PDAC),3.76,4.11,0.683,0.285,0.538,0.233,1,0,computationally_derived,Synthetic,predicted,Protease (not biomarker),Gene,neutral,Structural Variant Gene
BAP1,Pancreatic (PDAC),1.88,5.27,0.905,0.783,0.741,0.372,4,1,real,Literature,preclinical,Tumor suppressor,Gene,down,Structural Variant Gene
ATR,Pancreatic (PDAC),1.22,6.52,0.812,0.663,0.592,0.314,9,1,real,Literature,preclinical,DNA damage checkpoint,ctDNA / DNA,down,Structural Variant Gene
EZH2,Pancreatic (PDAC),9.15,1.17,0.787,0.903,0.892,0.298,6,1,real,Literature,preclinical,Epigenetic oncogene,Gene,up,Structural Variant Gene
PTPRT,Pancreatic (PDAC),2.57,6.17,0.9,0.908,0.898,0.369,7,1,real,Literature,preclinical,Tumor suppressor,Gene,down,Structural Variant Gene
RET,Pancreatic (PDAC),6.7,1.77,0.835,0.576,0.483,0.328,10,1,real,Literature,preclinical,Oncogene,Gene,up,Structural Variant Gene
C2CD2,Pancreatic (PDAC),4.17,3.77,0.667,0.339,0.674,0.223,0,0,computationally_derived,Synthetic,predicted,Unknown role (not biomarker),Gene,neutral,Structural Variant Gene
BRCA1,Pancreatic (PDAC),0.81,7.38,0.659,0.863,0.498,0.218,110,1,real,Literature,clinical,Tumor suppressor,Gene,down,Structural Variant Gene
KRI1,Pancreatic (PDAC),3.98,4.13,0.79,0.314,0.61,0.3,1,0,computationally_derived,Synthetic,predicted,Ribosome biogenesis (not biomarker),Gene,neutral,Structural Variant Gene
GLI1,Pancreatic (PDAC),9.34,0.49,0.903,0.929,0.924,0.371,1,1,real,Literature,preclinical,Hedgehog pathway oncogene,Gene,up,Structural Variant Gene
PHF7,Pancreatic (PDAC),4.79,4.31,0.708,0.422,0.881,0.249,0,0,computationally_derived,Synthetic,predicted,Transcription regulator (not biomarker),Gene,neutral,Structural Variant Gene
BRCA2,Pancreatic (PDAC),1.94,5.9,0.679,0.935,0.755,0.23,120,1,real,Literature,clinical,Tumor suppressor,Gene,down,Structural Variant Gene
BABAM1,Pancreatic (PDAC),0.97,6.84,0.573,0.618,0.535,0.164,10,1,real,Literature,preclinical,DNA repair/tumor suppressor,ctDNA / DNA,down,Structural Variant Gene
DNER,Pancreatic (PDAC),3.7,3.61,0.697,0.276,0.516,0.242,0,0,computationally_derived,Synthetic,predicted,Signaling protein (not biomarker),Gene,neutral,Structural Variant Gene
RAC2,Pancreatic (PDAC),7.35,1.57,0.949,0.663,0.592,0.399,8,1,real,Literature,preclinical,Oncogenic GTPase,Gene,up,Structural Variant Gene
KIF13B,Pancreatic (PDAC),3.95,3.55,0.886,0.31,0.6,0.36,0,0,computationally_derived,Synthetic,predicted,Motor protein (not biomarker),Gene,neutral,Structural Variant Gene
CIC,Pancreatic (PDAC),1.79,5.62,0.635,0.767,0.721,0.203,5,1,real,Literature,preclinical,Tumor suppressor,Gene,down,Structural Variant Gene
JAK3,Pancreatic (PDAC),9.22,1.84,0.946,0.912,0.903,0.398,10,1,real,Literature,preclinical,Oncogenic tyrosine kinase,Gene,up,Structural Variant Gene
SPMIP11,Pancreatic (PDAC),4.79,4.52,0.624,0.422,0.88,0.196,0,0,computationally_derived,Synthetic,predicted,Not validated,Gene,neutral,Structural Variant Gene
DUSP4,Pancreatic (PDAC),1.69,4.65,0.715,0.749,0.698,0.253,1,1,real,Literature,preclinical,Tumor suppressor/regulator,Gene,down,Structural Variant Gene
UPF1,Pancreatic (PDAC),1.76,6.51,0.785,0.761,0.713,0.297,9,1,real,Literature,preclinical,"RNA surveillance, tumor suppressor",Gene,down,Structural Variant Gene
PBRM1,Pancreatic (PDAC),1.72,6.47,0.803,0.754,0.705,0.308,8,1,real,Literature,preclinical,Tumor suppressor (SWI/SNF complex),Gene,down,Structural Variant Gene
IFNGR1,Pancreatic (PDAC),1.59,5.4,0.899,0.729,0.674,0.368,4,1,real,Literature,preclinical,"Immune signaling, tumor suppressor role",Gene,down,Structural Variant Gene
NCOA3,Pancreatic (PDAC),7.02,0.86,0.808,0.619,0.537,0.311,4,1,real,Literature,preclinical,Oncogenic coactivator,Gene,up,Structural Variant Gene
NCOA4,Pancreatic (PDAC),7.66,2.16,0.819,0.705,0.644,0.318,12,1,real,Literature,preclinical,"Autophagy adaptor, oncogenic",Gene,up,Structural Variant Gene
TET1,Pancreatic (PDAC),1.68,5.86,0.895,0.747,0.696,0.366,6,1,real,Literature,preclinical,"DNA demethylase, tumor suppressor",ctDNA / DNA,down,Structural Variant Gene
RAD51B,Pancreatic (PDAC),1.6,6.17,0.908,0.733,0.678,0.374,7,1,real,Literature,preclinical,"DNA repair, tumor suppressor",ctDNA / DNA,down,Structural Variant Gene
ANKFN1,Pancreatic (PDAC),4.25,4.01,0.703,0.35,0.7,0.246,0,0,computationally_derived,Synthetic,predicted,Not validated,Gene,neutral,Structural Variant Gene
AEBP2,Pancreatic (PDAC),4.96,4.92,0.845,0.444,0.936,0.334,0,0,computationally_derived,Synthetic,predicted,Transcriptional repressor (not validated),Gene,neutral,Structural Variant Gene
SDHAF2,Pancreatic (PDAC),1.79,6.61,0.823,0.767,0.721,0.321,9,1,real,Literature,preclinical,Tumor suppressor (metabolism),Gene,down,Structural Variant Gene
CSDE1,Pancreatic (PDAC),7.01,1.16,0.615,0.618,0.535,0.19,6,1,real,Literature,preclinical,RNA-binding oncogene,Gene,up,Structural Variant Gene
RARA,Pancreatic (PDAC),6.69,1.42,0.869,0.575,0.481,0.943,7,1,real,Literature,preclinical,"Nuclear receptor, oncogenic role",Gene,up,Structural Variant Gene
PDZRN3,Pancreatic (PDAC),4.09,4.1,0.651,0.329,0.648,0.213,1,0,computationally_derived,Synthetic,predicted,Not validated,Gene,neutral,Structural Variant Gene
CD44,Pancreatic (PDAC),9.05,2.12,0.564,0.891,0.876,0.806,12,1,real,Literature,preclinical,"Stemness/cell adhesion, oncogene",Gene,up,Structural Variant Gene
AMER1,Pancreatic (PDAC),1.46,5.15,0.942,0.707,0.646,0.395,3,1,real,Literature,preclinical,Tumor suppressor (Wnt pathway),Gene,down,Structural Variant Gene
PRKN,Pancreatic (PDAC),2.03,4.59,0.826,0.81,0.775,0.322,1,1,real,Literature,preclinical,Tumor suppressor,Gene,down,Structural Variant Gene
KANK1,Pancreatic (PDAC),3.81,3.32,0.816,0.291,0.552,0.316,0,0,computationally_derived,Synthetic,predicted,Not validated,Gene,neutral,Structural Variant Gene
LIN37,Pancreatic (PDAC),4.53,4.9,0.693,0.387,0.793,0.239,1,0,computationally_derived,Synthetic,predicted,Cell cycle regulator (not validated),Gene,neutral,Structural Variant Gene
DOT1L,Pancreatic (PDAC),7.47,1.99,0.896,0.679,0.611,0.366,11,1,real,Literature,preclinical,Oncogenic epigenetic regulator,Gene,up,Structural Variant Gene
GREB1L,Pancreatic (PDAC),4.46,4.67,0.565,0.378,0.771,0.159,1,0,computationally_derived,Synthetic,predicted,Not validated,Gene,neutral,Structural Variant Gene
TMPRSS2,Pancreatic (PDAC),7.33,1.73,0.735,0.66,0.588,0.266,9,1,real,Literature,preclinical,Oncogene (fusion driver),Gene,up,Structural Variant Gene
ADCY1,Pancreatic (PDAC),3.94,4.02,0.894,0.309,0.597,0.365,1,0,computationally_derived,Synthetic,predicted,Not validated,Gene,neutral,Structural Variant Gene
CENPA,Pancreatic (PDAC),7.28,1.66,0.84,0.653,0.579,0.331,9,1,real,Literature,preclinical,Chromatin/centromere oncogene,Gene,up,Structural Variant Gene
ADCY6,Pancreatic (PDAC),4.69,5.08,0.552,0.409,0.848,0.151,1,0,computationally_derived,Synthetic,predicted,Not validated,Gene,neutral,Structural Variant Gene
EGFR,Pancreatic (PDAC),6.79,1.95,0.584,0.864,0.498,0.171,70,1,real,Literature,clinical,Oncogene,Gene,up,Structural Variant Gene
RECQL4,Pancreatic (PDAC),0.85,5.93,0.641,0.595,0.506,0.207,6,1,real,Literature,preclinical,DNA repair/tumor suppressor,ctDNA / DNA,down,Structural Variant Gene
NSD3,Pancreatic (PDAC),9.47,1.85,0.738,0.946,0.946,0.267,10,1,real,Literature,preclinical,Oncogenic histone methyltransferase,Gene,up,Structural Variant Gene
SLX4,Pancreatic (PDAC),1.86,5.12,0.755,0.78,0.737,0.278,3,1,real,Literature,preclinical,DNA repair tumor suppressor,ctDNA / DNA,down,Structural Variant Gene
NSD1,Pancreatic (PDAC),9.43,1.72,0.557,0.941,0.938,0.154,9,1,real,Literature,preclinical,Oncogenic histone methyltransferase,Gene,up,Structural Variant Gene
NSD2,Pancreatic (PDAC),8.34,1.79,0.792,0.795,0.756,0.301,10,1,real,Literature,preclinical,Oncogenic histone methyltransferase,Gene,up,Structural Variant Gene
RICTOR,Pancreatic (PDAC),9.04,1.04,0.817,0.888,0.873,0.317,5,1,real,Literature,preclinical,Oncogene (mTOR pathway),Gene,up,Structural Variant Gene
MGAT1,Pancreatic (PDAC),4.67,4.6,0.908,0.406,0.84,0.374,0,0,computationally_derived,Synthetic,predicted,Not validated,Gene,neutral,Structural Variant Gene
LDLR,Pancreatic (PDAC),3.51,3.3,0.58,0.251,0.454,0.813,0,0,computationally_derived,Synthetic,predicted,Metabolic receptor (not biomarker),Gene,neutral,Structural Variant Gene
MON2,Pancreatic (PDAC),4.31,4.02,0.9,0.358,0.72,0.368,0,0,computationally_derived,Synthetic,predicted,Not validated,Gene,neutral,Structural Variant Gene
CDKN2B,Pancreatic (PDAC),0.73,5.04,0.588,0.573,0.479,0.174,3,1,real,Literature,preclinical,Tumor suppressor,Gene,down,Structural Variant Gene
NPM1,Pancreatic (PDAC),9.49,1.17,0.585,0.949,0.949,0.172,6,1,real,Literature,preclinical,Oncogene (frequently mutated),Gene,up,Structural Variant Gene
CDKN2A,Pancreatic (PDAC),1.49,5.9,0.592,0.907,0.653,0.176,85,1,real,Literature,clinical,Tumor suppressor,Gene,down,Structural Variant Gene
CARD8,Pancreatic (PDAC),4.17,4.65,0.692,0.339,0.673,0.239,1,0,computationally_derived,Synthetic,predicted,Inflammasome regulator (not biomarker),Gene,neutral,Structural Variant Gene
CIMAP1D,Pancreatic (PDAC),4.55,4.82,0.628,0.39,0.799,0.199,1,0,computationally_derived,Synthetic,predicted,Not validated,Gene,neutral,Structural Variant Gene
STAT3,Pancreatic (PDAC),7.44,0.91,0.86,0.676,0.607,0.344,4,1,real,Literature,preclinical,Oncogenic transcription factor,Gene,up,Structural Variant Gene
VEGFA,Pancreatic (PDAC),9.06,1.59,0.895,0.891,0.877,0.365,8,1,real,Literature,preclinical,Angiogenesis oncogene,Gene,up,Structural Variant Gene
NFIA,Pancreatic (PDAC),4.04,4.52,0.915,0.322,0.629,0.378,1,0,computationally_derived,Synthetic,predicted,Transcription factor (not validated),Gene,neutral,Structural Variant Gene
AXL,Pancreatic (PDAC),8.75,1.3,0.846,0.85,0.825,0.335,7,1,real,Literature,preclinical,Oncogene,Gene,up,Structural Variant Gene
GOPC,Pancreatic (PDAC),7.99,0.9,0.668,0.748,0.698,0.224,4,1,real,Literature,preclinical,Oncogene,Gene,up,Structural Variant Gene
RIPOR2,Pancreatic (PDAC),0.84,5.18,0.933,0.594,0.505,0.389,3,1,real,Literature,preclinical,Oncogene,Gene,down,Structural Variant Gene
IRS2,Pancreatic (PDAC),9.03,0.87,0.806,0.887,0.871,0.31,4,1,real,Literature,preclinical,Oncogene,Gene,up,Structural Variant Gene
CEP128,Pancreatic (PDAC),2.06,6.03,0.596,0.815,0.781,0.179,7,1,real,Literature,preclinical,Oncogene,Gene,down,Structural Variant Gene
STK11,Pancreatic (PDAC),9.03,1.8,0.585,0.888,0.872,0.172,10,1,real,Literature,preclinical,Tumor Suppressor,Gene,up,Structural Variant Gene
ZNF83,Pancreatic (PDAC),1.95,6.92,0.904,0.796,0.758,0.371,10,1,real,Literature,preclinical,Oncogene,Gene,down,Structural Variant Gene
CDH1,Pancreatic (PDAC),9.38,1.03,0.561,0.934,0.93,0.157,5,1,real,Literature,preclinical,Tumor Suppressor,Gene,up,Structural Variant Gene
EP300,Pancreatic (PDAC),9.24,1.36,0.618,0.916,0.907,0.192,7,1,real,Literature,preclinical,Tumor Suppressor,Gene,up,Structural Variant Gene
ARID2,Pancreatic (PDAC),8.93,0.88,0.571,0.874,0.855,0.163,4,1,real,Literature,preclinical,Tumor Suppressor,Gene,up,Structural Variant Gene
ROS1,Pancreatic (PDAC),8.89,1.69,0.611,0.869,0.849,0.188,9,1,real,Literature,preclinical,Oncogene,Gene,up,Structural Variant Gene
MEN1,Pancreatic (PDAC),6.85,1.49,0.895,0.597,0.509,0.365,8,1,real,Literature,preclinical,Tumor Suppressor,Gene,up,Structural Variant Gene
LMO1,Pancreatic (PDAC),9.38,2.04,0.654,0.934,0.93,0.215,11,1,real,Literature,preclinical,Oncogene,Gene,up,Structural Variant Gene
RNF43,Pancreatic (PDAC),8.31,1.68,0.803,0.792,0.752,0.308,9,1,real,Literature,preclinical,Tumor Suppressor,Gene,up,Structural Variant Gene
SLC30A6,Pancreatic (PDAC),1.86,4.6,0.861,0.779,0.737,0.344,1,1,real,Literature,preclinical,Oncogene,Gene,down,Structural Variant Gene
MAP2K4,Pancreatic (PDAC),8.53,1.88,0.892,0.82,0.788,0.364,10,1,real,Literature,preclinical,Tumor Suppressor,Gene,up,Structural Variant Gene
MAP2K2,Pancreatic (PDAC),6.74,1.87,0.814,0.582,0.49,0.315,10,1,real,Literature,preclinical,Oncogene,Gene,up,Structural Variant Gene
DGAT1,Pancreatic (PDAC),1.73,4.99,0.646,0.755,0.706,0.21,2,1,real,Literature,preclinical,Oncogene,Gene,down,Structural Variant Gene
HGF,Pancreatic (PDAC),6.76,1.32,0.741,0.584,0.493,0.27,7,1,real,Literature,preclinical,Oncogene,Gene,up,Structural Variant Gene
TAP2,Pancreatic (PDAC),6.6,2.1,0.929,0.563,0.466,0.387,12,1,real,Literature,preclinical,Tumor Suppressor,Gene,up,Structural Variant Gene
ARID5B,Pancreatic (PDAC),6.66,1.12,0.95,0.572,0.477,0.4,5,1,real,Literature,preclinical,Tumor Suppressor,Gene,up,Structural Variant Gene
TAP1,Pancreatic (PDAC),7.82,2.06,0.943,0.726,0.67,0.396,12,1,real,Literature,preclinical,Tumor Suppressor,Gene,up,Structural Variant Gene
TSC2,Pancreatic (PDAC),7.09,1.36,0.767,0.629,0.549,0.286,7,1,real,Literature,preclinical,Tumor Suppressor,Gene,up,Structural Variant Gene
VRK3,Pancreatic (PDAC),0.66,4.53,0.742,0.561,0.463,0.27,1,1,real,Literature,preclinical,Oncogene,Gene,down,Structural Variant Gene
ATP1B1,Pancreatic (PDAC),1.02,6.28,0.688,0.627,0.546,0.236,8,1,real,Literature,preclinical,Oncogene,Gene,down,Structural Variant Gene
FOXP1,Pancreatic (PDAC),7.16,0.82,0.636,0.638,0.56,0.203,3,1,real,Literature,preclinical,Oncogene,Gene,up,Structural Variant Gene
MSH6,Pancreatic (PDAC),7.71,1.93,0.895,0.711,0.651,0.365,11,1,real,Literature,preclinical,DNA Repair/Tumor Suppressor,ctDNA / DNA,up,Structural Variant Gene
SRSF2,Pancreatic (PDAC),7.25,1.06,0.87,0.65,0.576,0.35,5,1,real,Literature,preclinical,Oncogene,Gene,up,Structural Variant Gene
PGR,Pancreatic (PDAC),7.15,1.57,0.797,0.637,0.558,0.304,8,1,real,Literature,preclinical,Oncogene,Gene,up,Structural Variant Gene
RAF1,Pancreatic (PDAC),6.94,1.88,0.644,0.609,0.523,0.209,10,1,real,Literature,preclinical,Oncogene,Gene,up,Structural Variant Gene
EMID1,Pancreatic (PDAC),2.3,4.57,0.653,0.859,0.836,0.215,1,1,real,Literature,preclinical,Oncogene,Gene,down,Structural Variant Gene
FKBP5,Pancreatic (PDAC),1.71,6.92,0.855,0.751,0.701,0.341,10,1,real,Literature,preclinical,Oncogene,Gene,down,Structural Variant Gene
NOTCH2,Pancreatic (PDAC),7.97,0.62,0.799,0.746,0.695,0.306,2,1,real,Literature,preclinical,Oncogene,Gene,up,Structural Variant Gene
KMT2D,Pancreatic (PDAC),8.65,1.05,0.799,0.836,0.808,0.306,5,1,real,Literature,preclinical,Tumor Suppressor,Gene,up,Structural Variant Gene
CSF1R,Pancreatic (PDAC),9.47,1.27,0.643,0.946,0.945,0.208,6,1,real,Literature,preclinical,Oncogene,Gene,up,Structural Variant Gene
DNMT1,Pancreatic (PDAC),6.65,0.77,0.752,0.57,0.474,0.276,3,1,real,Literature,preclinical,Oncogene,Gene,up,Structural Variant Gene
NOTCH1,Pancreatic (PDAC),8.33,1.44,0.604,0.794,0.755,0.184,7,1,real,Literature,preclinical,Oncogene,Gene,up,Structural Variant Gene
CBFB,Pancreatic (PDAC),7.81,1.51,0.845,0.724,0.668,0.334,8,1,real,Literature,preclinical,Tumor Suppressor,Gene,up,Structural Variant Gene
KMT2A,Pancreatic (PDAC),8.99,0.69,0.575,0.881,0.864,0.166,2,1,real,Literature,preclinical,Tumor Suppressor,Gene,up,Structural Variant Gene
MAX,Pancreatic (PDAC),7.25,1.28,0.783,0.65,0.575,0.295,6,1,real,Literature,preclinical,Oncogene,Gene,up,Structural Variant Gene
KMT2C,Pancreatic (PDAC),8.54,0.93,0.804,0.822,0.79,0.309,4,1,real,Literature,preclinical,Tumor Suppressor,Gene,up,Structural Variant Gene
NOTCH4,Pancreatic (PDAC),7.18,1.16,0.705,0.641,0.564,0.247,6,1,real,Literature,preclinical,Oncogene,Gene,up,Structural Variant Gene
KMT2B,Pancreatic (PDAC),7.05,2.16,0.861,0.623,0.541,0.344,12,1,real,Literature,preclinical,Tumor Suppressor,Gene,up,Structural Variant Gene
CORO1B,Pancreatic (PDAC),1.14,6.51,0.614,0.648,0.573,0.19,9,1,real,Literature,preclinical,Oncogene,Gene,down,Structural Variant Gene
COP1,Pancreatic (PDAC),8.63,1.57,0.627,0.835,0.806,0.198,8,1,real,Literature,preclinical,Tumor Suppressor,Gene,up,Structural Variant Gene
ADGRG7,Pancreatic (PDAC),2.26,5.8,0.746,0.852,0.828,0.273,6,1,real,Literature,preclinical,Oncogene,Gene,down,Structural Variant Gene
TNFRSF14,Pancreatic (PDAC),6.75,2.08,0.773,0.584,0.492,0.29,12,1,real,Literature,preclinical,Tumor Suppressor,Gene,up,Structural Variant Gene
ZFHX3,Pancreatic (PDAC),7.13,0.65,0.823,0.634,0.554,0.32,2,1,real,Literature,preclinical,Tumor Suppressor,Gene,up,Structural Variant Gene
SMAD4,Pancreatic (PDAC),7.04,1.26,0.886,0.875,0.54,0.36,90,1,real,Literature,clinical,Tumor Suppressor,Gene,up,Structural Variant Gene
SMAD3,Pancreatic (PDAC),8.93,1.78,0.939,0.874,0.855,0.393,10,1,real,Literature,preclinical,Tumor Suppressor,Gene,up,Structural Variant Gene
IDH1,Pancreatic (PDAC),7.6,0.88,0.566,0.697,0.634,0.16,4,1,real,Literature,preclinical,Oncogene,Gene,up,Structural Variant Gene
TNFRSF10B,Pancreatic (PDAC),1.3,6.21,0.896,0.678,0.61,0.367,7,1,real,Literature,preclinical,Tumor Suppressor,Gene,down,Structural Variant Gene
PALB2,Pancreatic (PDAC),9.0,2.02,0.701,0.966,0.866,0.244,45,1,real,Literature,clinical,Tumor Suppressor,Gene,up,Structural Variant Gene
PTPRD,Pancreatic (PDAC),6.93,1.86,0.632,0.608,0.522,0.202,10,1,real,Literature,preclinical,Tumor Suppressor,Gene,up,Structural Variant Gene
CDK8,Pancreatic (PDAC),7.39,0.45,0.748,0.669,0.599,0.273,1,1,real,Literature,preclinical,Oncogene,Gene,up,Structural Variant Gene
CDK4,Pancreatic (PDAC),6.73,0.49,0.64,0.581,0.489,0.207,1,1,real,Literature,preclinical,Oncogene,Gene,up,Structural Variant Gene
MAFG,Pancreatic (PDAC),2.11,6.76,0.559,0.824,0.792,0.156,10,1,real,Literature,preclinical,Oncogene,Gene,down,Structural Variant Gene
NF1,Pancreatic (PDAC),7.27,1.73,0.868,0.652,0.578,0.349,9,1,real,Literature,preclinical,Tumor Suppressor,Gene,up,Structural Variant Gene
TUBGCP3,Pancreatic (PDAC),1.09,7.02,0.745,0.64,0.562,0.272,11,1,real,Literature,preclinical,Oncogene,Gene,down,Structural Variant Gene
REEP6,Pancreatic (PDAC),2.02,5.55,0.818,0.807,0.772,0.318,5,1,real,Literature,preclinical,Oncogene,Gene,down,Structural Variant Gene
TCF3,Pancreatic (PDAC),7.25,1.04,0.753,0.651,0.576,0.277,5,1,real,Literature,preclinical,Oncogene,Gene,up,Structural Variant Gene
NF2,Pancreatic (PDAC),8.46,1.42,0.939,0.811,0.776,0.393,7,1,real,Literature,preclinical,Tumor Suppressor,Gene,up,Structural Variant Gene
MAP3K13,Pancreatic (PDAC),8.55,1.02,0.719,0.823,0.791,0.256,5,1,real,Literature,preclinical,Oncogene,Gene,up,Structural Variant Gene
MAP3K14,Pancreatic (PDAC),7.09,1.76,0.744,0.629,0.549,0.271,10,1,real,Literature,preclinical,Oncogene,Gene,up,Structural Variant Gene
FGFR3,Pancreatic (PDAC),7.65,1.87,0.591,0.703,0.641,0.175,10,1,real,Literature,preclinical,Oncogene,Gene,up,Structural Variant Gene
FGFR2,Pancreatic (PDAC),7.85,2.07,0.658,0.73,0.675,0.217,12,1,real,Literature,preclinical,Oncogene,Gene,up,Structural Variant Gene
FGFR1,Pancreatic (PDAC),8.2,1.11,0.85,0.777,0.734,0.338,5,1,real,Literature,preclinical,Oncogene,Gene,up,Structural Variant Gene
BCL2L1,Pancreatic (PDAC),7.04,1.61,0.658,0.622,0.541,0.218,9,1,real,Literature,preclinical,Oncogene,Gene,up,Structural Variant Gene
BMPR1A,Pancreatic (PDAC),8.47,0.72,0.556,0.813,0.779,0.153,3,1,real,Literature,preclinical,Tumor Suppressor,Gene,up,Structural Variant Gene
NFE2L2,Pancreatic (PDAC),7.95,0.46,0.618,0.743,0.692,0.193,1,1,real,Literature,preclinical,Oncogene,Gene,up,Structural Variant Gene
KDM5A,Pancreatic (PDAC),8.71,1.47,0.603,0.844,0.818,0.183,8,1,real,Literature,preclinical,Oncogene,Gene,up,Structural Variant Gene
ALK,Pancreatic (PDAC),6.61,1.72,0.775,0.565,0.469,0.29,9,1,real,Literature,preclinical,Oncogene,Gene,up,Structural Variant Gene
CFAP418-AS1,Pancreatic (PDAC),2.37,5.0,0.899,0.871,0.851,0.368,2,1,real,Literature,preclinical,Non-coding RNA,Gene,down,Structural Variant Gene
ZNF770,Pancreatic (PDAC),2.56,6.31,0.81,0.905,0.894,0.312,8,1,real,Literature,preclinical,Oncogene,Gene,down,Structural Variant Gene
FLT3,Pancreatic (PDAC),9.3,1.06,0.581,0.924,0.917,0.169,5,1,real,Literature,preclinical,Oncogene,Gene,up,Structural Variant Gene
FLT4,Pancreatic (PDAC),8.38,1.89,0.85,0.801,0.763,0.337,10,1,real,Literature,preclinical,Oncogene,Gene,up,Structural Variant Gene
ARRB1,Pancreatic (PDAC),2.22,4.53,0.776,0.845,0.819,0.292,1,1,real,Literature,preclinical,Oncogene,Gene,down,Structural Variant Gene
PIK3C2G,Pancreatic (PDAC),8.33,1.59,0.898,0.794,0.755,0.368,8,1,real,Literature,preclinical,Oncogene,Gene,up,Structural Variant Gene
ELAVL2,Pancreatic (PDAC),1.13,6.2,0.684,0.647,0.571,0.234,7,1,real,Literature,preclinical,Oncogene,Gene,down,Structural Variant Gene
TRIM69,Pancreatic (PDAC),2.11,6.68,0.816,0.825,0.794,0.317,9,1,real,Literature,preclinical,Oncogene,Gene,down,Structural Variant Gene
WDR7,Pancreatic (PDAC),2.53,5.47,0.802,0.9,0.888,0.307,4,1,real,Literature,preclinical,Oncogene,Gene,down,Structural Variant Gene
POLE,Pancreatic (PDAC),7.72,1.76,0.888,0.712,0.653,0.361,10,1,real,Literature,preclinical,DNA Repair/Tumor Suppressor,ctDNA / DNA,up,Structural Variant Gene
SGCG,Pancreatic (PDAC),1.09,7.27,0.669,0.639,0.561,0.224,12,1,real,Literature,preclinical,Oncogene,Gene,down,Structural Variant Gene
KDM6A,Pancreatic (PDAC),8.88,0.55,0.948,0.868,0.847,0.399,2,1,real,Literature,preclinical,Tumor Suppressor,Gene,up,Structural Variant Gene
CERS5,Pancreatic (PDAC),1.97,6.65,0.848,0.799,0.761,0.336,9,1,real,Literature,preclinical,Oncogene,Gene,down,Structural Variant Gene
TRPC6,Pancreatic (PDAC),1.62,5.38,0.559,0.736,0.683,0.156,4,1,real,Literature,preclinical,Oncogene,Gene,down,Structural Variant Gene
DIPK2B,Pancreatic (PDAC),0.86,6.35,0.899,0.598,0.51,0.368,8,1,real,Literature,preclinical,Oncogene,Gene,down,Structural Variant Gene
DIS3,Pancreatic (PDAC),7.37,1.21,0.902,0.667,0.596,0.37,6,1,real,Literature,preclinical,Tumor Suppressor,Gene,up,Structural Variant Gene
DCXR,Pancreatic (PDAC),0.64,6.71,0.939,0.557,0.458,0.393,9,1,real,Literature,preclinical,Oncogene,Gene,down,Structural Variant Gene
NRG1,Pancreatic (PDAC),7.67,2.12,0.559,0.706,0.645,0.156,12,1,real,Literature,preclinical,Oncogene,Gene,up,Structural Variant Gene
ARID1A,Pancreatic (PDAC),9.2,0.5,0.691,0.909,0.899,0.238,1,1,real,Literature,preclinical,Tumor Suppressor,Gene,up,Structural Variant Gene
UPK3A,Pancreatic (PDAC),2.03,6.63,0.581,0.81,0.775,0.169,9,1,real,Literature,preclinical,Oncogene,Gene,down,Structural Variant Gene
ARID1B,Pancreatic (PDAC),8.01,1.53,0.67,0.751,0.702,0.225,8,1,real,Literature,preclinical,Tumor Suppressor,Gene,up,Structural Variant Gene
TGFBR1,Pancreatic (PDAC),7.58,1.26,0.761,0.694,0.631,0.282,6,1,real,Literature,preclinical,Tumor Suppressor,Gene,up,Structural Variant Gene
TGFBR2,Pancreatic (PDAC),6.65,0.65,0.894,0.57,0.475,0.365,2,1,real,Literature,preclinical,Tumor Suppressor,Gene,up,Structural Variant Gene
ETV6,Pancreatic (PDAC),6.76,0.87,0.918,0.584,0.493,0.38,4,1,real,Literature,preclinical,Tumor Suppressor,Gene,up,Structural Variant Gene
DNM2,Pancreatic (PDAC),7.68,1.57,0.702,0.708,0.647,0.245,8,1,real,Literature,preclinical,Oncogene,Gene,up,Structural Variant Gene
IRF4,Pancreatic (PDAC),6.78,0.78,0.736,0.587,0.496,0.266,3,1,real,Literature,preclinical,Oncogene,Gene,up,Structural Variant Gene
PEX6,Pancreatic (PDAC),1.44,5.16,0.879,0.704,0.642,0.356,3,1,real,Literature,preclinical,Oncogene,Gene,down,Structural Variant Gene
CAT,Pancreatic (PDAC),2.22,6.41,0.777,0.845,0.818,0.292,8,1,real,Literature,preclinical,Antioxidant/Tumor Suppressor,Gene,down,Structural Variant Gene
CDHR3,Pancreatic (PDAC),2.24,5.08,0.764,0.848,0.823,0.284,3,1,real,Literature,preclinical,Oncogene (candidate),Gene,down,Structural Variant Gene
PIK3C3,Pancreatic (PDAC),9.06,0.76,0.569,0.891,0.876,0.162,3,1,real,Literature,preclinical,Oncogene,Gene,up,Structural Variant Gene
NSRP1,Pancreatic (PDAC),0.63,4.88,0.801,0.556,0.458,0.307,2,1,real,Literature,preclinical,RNA-binding/regulatory,Gene,down,Structural Variant Gene
MET,Pancreatic (PDAC),6.97,1.6,0.914,0.872,0.528,0.378,50,1,real,Literature,clinical,Oncogene,Gene,up,Structural Variant Gene
LUC7L2,Pancreatic (PDAC),2.04,5.07,0.695,0.811,0.777,0.241,3,1,real,Literature,preclinical,RNA-binding/regulatory,Gene,down,Structural Variant Gene
KDM7A,Pancreatic (PDAC),2.65,6.92,0.665,0.923,0.917,0.222,10,1,real,Literature,preclinical,Epigenetic regulator,Gene,down,Structural Variant Gene
SLC24A2,Pancreatic (PDAC),1.18,5.1,0.73,0.656,0.582,0.263,3,1,real,Literature,preclinical,Transporter,Gene,down,Structural Variant Gene
SMARCD1,Pancreatic (PDAC),8.41,0.49,0.898,0.805,0.769,0.367,1,1,real,Literature,preclinical,Chromatin remodeler,Gene,up,Structural Variant Gene
NUTM1,Pancreatic (PDAC),8.73,1.44,0.929,0.848,0.822,0.387,7,1,real,Literature,preclinical,Oncogene (fusion driver),Gene,up,Structural Variant Gene
ROCK1,Pancreatic (PDAC),1.67,5.5,0.703,0.744,0.693,0.246,5,1,real,Literature,preclinical,Oncogene candidate,Gene,down,Structural Variant Gene
DNAH8,Pancreatic (PDAC),1.66,5.3,0.861,0.743,0.692,0.344,4,1,real,Literature,preclinical,Motor protein,Gene,down,Structural Variant Gene
MLLT1,Pancreatic (PDAC),6.86,0.84,0.692,0.598,0.51,0.239,3,1,real,Literature,preclinical,Oncogene (fusion partner),Gene,up,Structural Variant Gene
ASAP2,Pancreatic (PDAC),1.26,7.22,0.605,0.671,0.601,0.184,11,1,real,Literature,preclinical,Signaling regulator,Gene,down,Structural Variant Gene
ASB17,Pancreatic (PDAC),2.06,4.82,0.616,0.816,0.782,0.191,2,1,real,Literature,preclinical,Adapter protein,Gene,down,Structural Variant Gene
PPM1D,Pancreatic (PDAC),6.98,1.48,0.679,0.614,0.53,0.231,8,1,real,Literature,preclinical,Oncogene,Gene,up,Structural Variant Gene
MALT1,Pancreatic (PDAC),9.42,0.53,0.838,0.939,0.937,0.33,1,1,real,Literature,preclinical,Oncogene,Gene,up,Structural Variant Gene
CDC42,Pancreatic (PDAC),7.56,0.76,0.832,0.692,0.627,0.326,3,1,real,Literature,preclinical,Oncogene (Rho GTPase family),Gene,up,Structural Variant Gene
RAB25,Pancreatic (PDAC),0.68,5.35,0.73,0.565,0.469,0.262,4,1,real,Literature,preclinical,Oncogene candidate,Gene,down,Structural Variant Gene
ERBB3,Pancreatic (PDAC),8.95,0.75,0.821,0.877,0.858,0.319,3,1,real,Literature,preclinical,Oncogene,Gene,up,Structural Variant Gene
NT5DC2,Pancreatic (PDAC),0.86,4.92,0.793,0.597,0.509,0.302,2,1,real,Literature,preclinical,Oncogene candidate,Gene,down,Structural Variant Gene
POLD1,Pancreatic (PDAC),6.76,1.2,0.691,0.584,0.493,0.238,6,1,real,Literature,preclinical,DNA repair/Tumor suppressor,ctDNA / DNA,up,Structural Variant Gene
ERBB2,Pancreatic (PDAC),6.92,0.56,0.915,0.87,0.521,0.378,60,1,real,Literature,clinical,Oncogene,Gene,up,Structural Variant Gene
DROSHA,Pancreatic (PDAC),7.47,1.73,0.671,0.679,0.611,0.225,9,1,real,Literature,preclinical,microRNA biogenesis regulator,Gene,up,Structural Variant Gene
MAPK4,Pancreatic (PDAC),2.62,5.06,0.841,0.918,0.91,0.332,3,1,real,Literature,preclinical,Oncogene candidate,Gene,down,Structural Variant Gene
SMARCE1,Pancreatic (PDAC),8.61,1.37,0.641,0.831,0.801,0.207,7,1,real,Literature,preclinical,Chromatin remodeler,Gene,up,Structural Variant Gene
NTRK1,Pancreatic (PDAC),6.58,1.92,0.722,0.561,0.463,0.257,11,1,real,Literature,preclinical,Oncogene,Gene,up,Structural Variant Gene
SLC12A3,Pancreatic (PDAC),2.25,6.66,0.794,0.85,0.825,0.302,9,1,real,Literature,preclinical,Transporter,Gene,down,Structural Variant Gene
NHERF2,Pancreatic (PDAC),2.47,5.13,0.576,0.891,0.876,0.166,3,1,real,Literature,preclinical,Scaffold protein,Gene,down,Structural Variant Gene
NDUFA3,Pancreatic (PDAC),1.08,6.36,0.658,0.637,0.558,0.218,8,1,real,Literature,preclinical,Mitochondrial enzyme,Gene,down,Structural Variant Gene
MGA,Pancreatic (PDAC),7.68,0.83,0.763,0.707,0.646,0.283,3,1,real,Literature,preclinical,Transcriptional regulator / Tumor suppressor,Gene,up,Structural Variant Gene
NTRK3,Pancreatic (PDAC),8.87,1.62,0.576,0.866,0.845,0.166,9,1,real,Literature,preclinical,Oncogene,Gene,up,Structural Variant Gene
TBX3,Pancreatic (PDAC),8.58,0.43,0.807,0.827,0.797,0.311,1,1,real,Literature,preclinical,Oncogene (developmental regulator),Gene,up,Structural Variant Gene
TSHR,Pancreatic (PDAC),8.65,0.53,0.779,0.837,0.808,0.293,1,1,real,Literature,preclinical,Oncogene (endocrine cancers),Gene,up,Structural Variant Gene
RAD50,Pancreatic (PDAC),9.12,0.41,0.718,0.899,0.886,0.255,1,1,real,Literature,preclinical,DNA repair / Tumor suppressor,ctDNA / DNA,up,Structural Variant Gene
CAPN11,Pancreatic (PDAC),1.08,6.24,0.893,0.294,0.559,0.364,1,0,computationally_derived,Synthetic,predicted,Protease (non-canonical),Gene,down,Structural Variant Gene
H3-5,Pancreatic (PDAC),6.65,1.84,0.948,0.57,0.475,0.399,10,1,real,Literature,preclinical,Epigenetic regulator,Gene,up,Structural Variant Gene
APC,Pancreatic (PDAC),7.17,0.67,0.851,0.64,0.562,0.338,2,1,real,Literature,preclinical,Tumor suppressor,Gene,up,Structural Variant Gene
CARM1,Pancreatic (PDAC),6.94,0.84,0.879,0.608,0.523,0.355,3,1,real,Literature,preclinical,Epigenetic regulator,Gene,up,Structural Variant Gene
ERCC2,Pancreatic (PDAC),7.56,1.88,0.81,0.692,0.627,0.313,10,1,real,Literature,preclinical,DNA repair enzyme,ctDNA / DNA,up,Structural Variant Gene
RPS6KB2,Pancreatic (PDAC),9.5,1.11,0.908,0.95,0.95,0.374,5,1,real,Literature,preclinical,Oncogene (mTOR pathway effector),Gene,up,Structural Variant Gene
ASXL2,Pancreatic (PDAC),6.99,1.75,0.673,0.615,0.531,0.227,9,1,real,Literature,preclinical,Epigenetic regulator,Gene,up,Structural Variant Gene
ARB2A,Pancreatic (PDAC),1.01,5.27,0.934,0.287,0.542,0.39,0,0,computationally_derived,Synthetic,predicted,Candidate gene,Gene,down,Structural Variant Gene
PDCD1,Pancreatic (PDAC),6.75,1.63,0.566,0.584,0.492,0.16,9,1,real,Literature,preclinical,Immune checkpoint,Gene,up,Structural Variant Gene
TEK,Pancreatic (PDAC),9.16,1.4,0.603,0.905,0.894,0.183,7,1,real,Literature,preclinical,Oncogene / Angiogenesis regulator,Gene,up,Structural Variant Gene
BCOR,Pancreatic (PDAC),9.11,0.72,0.838,0.898,0.885,0.33,3,1,real,Literature,preclinical,Tumor suppressor,Gene,up,Structural Variant Gene
KCNK3,Pancreatic (PDAC),1.93,6.97,0.788,0.793,0.753,0.907,10,1,real,Literature,preclinical,Channel protein,Gene,down,Structural Variant Gene
RB1,Pancreatic (PDAC),1.58,6.36,0.752,0.727,0.672,0.276,8,1,real,Literature,preclinical,Tumor Suppressor,Gene,down,Mutated Gene
MDC1,Pancreatic (PDAC),1.3,5.43,0.933,0.678,0.61,0.389,4,1,real,Literature,preclinical,Tumor Suppressor,Gene,down,Mutated Gene
ARAF,Pancreatic (PDAC),6.76,1.13,0.757,0.585,0.494,0.279,5,1,real,Literature,preclinical,Oncogene,Gene,up,Mutated Gene
PREX2,Pancreatic (PDAC),7.38,1.04,0.945,0.667,0.596,0.397,5,1,real,Literature,preclinical,Oncogene,Gene,up,Mutated Gene
SOX17,Pancreatic (PDAC),1.92,6.92,0.567,0.789,0.749,0.161,10,1,real,Literature,preclinical,Tumor Suppressor,Gene,down,Mutated Gene
PPP4R2,Pancreatic (PDAC),1.56,7.18,0.727,0.725,0.669,0.26,11,1,real,Literature,preclinical,Tumor Suppressor,Gene,down,Mutated Gene
MYC,Pancreatic (PDAC),9.4,0.87,0.942,0.985,0.934,0.395,60,1,real,Literature,clinical,Oncogene,Gene,up,Mutated Gene
AKT2,Pancreatic (PDAC),7.29,1.83,0.916,0.655,0.582,0.379,10,1,real,Literature,preclinical,Oncogene,Gene,up,Mutated Gene
AKT3,Pancreatic (PDAC),6.66,2.16,0.898,0.572,0.477,0.367,12,1,real,Literature,preclinical,Oncogene,Gene,up,Mutated Gene
AKT1,Pancreatic (PDAC),9.22,0.61,0.924,0.913,0.903,0.384,2,1,real,Literature,preclinical,Oncogene,Gene,up,Mutated Gene
PRKCI,Pancreatic (PDAC),7.84,1.39,0.655,0.729,0.674,0.215,7,1,real,Literature,preclinical,Oncogene,Gene,up,Mutated Gene
DAXX,Pancreatic (PDAC),1.5,4.81,0.652,0.713,0.654,0.214,2,1,real,Literature,preclinical,Tumor Suppressor,Gene,down,Mutated Gene
MEF2B,Pancreatic (PDAC),7.78,1.57,0.837,0.721,0.664,0.329,8,1,real,Literature,preclinical,Oncogene,Gene,up,Mutated Gene
DICER1,Pancreatic (PDAC),1.98,6.35,0.662,0.8,0.763,0.22,8,1,real,Literature,preclinical,Tumor Suppressor,Gene,down,Mutated Gene
KNSTRN,Pancreatic (PDAC),9.42,1.22,0.871,0.94,0.937,0.351,6,1,real,Literature,preclinical,Oncogene,Gene,up,Mutated Gene
NUP93,Pancreatic (PDAC),0.93,6.74,0.65,0.611,0.526,0.213,9,1,real,Literature,preclinical,Tumor Suppressor,Gene,down,Mutated Gene
AR,Pancreatic (PDAC),8.99,0.91,0.945,0.882,0.865,0.397,4,1,real,Literature,preclinical,Oncogene,Gene,up,Mutated Gene
MTAP,Pancreatic (PDAC),2.76,5.39,0.637,0.943,0.942,0.205,4,1,real,Literature,preclinical,Tumor Suppressor,Gene,down,Mutated Gene
PRKAR1A,Pancreatic (PDAC),1.65,5.06,0.911,0.741,0.689,0.376,3,1,real,Literature,preclinical,Tumor Suppressor,Gene,down,Mutated Gene
PRKD1,Pancreatic (PDAC),6.99,0.95,0.834,0.615,0.531,0.327,4,1,real,Literature,preclinical,Oncogene,Gene,up,Mutated Gene
MAPKAP1,Pancreatic (PDAC),7.7,2.12,0.577,0.71,0.65,0.167,12,1,real,Literature,preclinical,Oncogene,Gene,up,Mutated Gene
PRDM14,Pancreatic (PDAC),8.11,0.94,0.554,0.765,0.719,0.152,4,1,real,Literature,preclinical,Oncogene,Gene,up,Mutated Gene
GATA3,Pancreatic (PDAC),1.29,6.74,0.914,0.675,0.606,0.377,9,1,real,Literature,preclinical,Tumor Suppressor,Gene,down,Mutated Gene
BCL10,Pancreatic (PDAC),8.82,0.77,0.718,0.859,0.836,0.255,3,1,real,Literature,preclinical,Oncogene,Gene,up,Mutated Gene
GATA2,Pancreatic (PDAC),1.48,4.58,0.773,0.711,0.651,0.29,1,1,real,Literature,preclinical,Tumor Suppressor,Gene,down,Mutated Gene
GATA1,Pancreatic (PDAC),0.84,4.64,0.706,0.594,0.505,0.248,1,1,real,Literature,preclinical,Tumor Suppressor,Gene,down,Mutated Gene
GRIN2A,Pancreatic (PDAC),2.25,6.91,0.72,0.849,0.824,0.256,10,1,real,Literature,preclinical,Tumor Suppressor,Gene,down,Mutated Gene
TERT,Pancreatic (PDAC),9.36,1.91,0.939,0.931,0.926,0.393,11,1,real,Literature,preclinical,Oncogene,Gene,up,Mutated Gene
NTHL1,Pancreatic (PDAC),0.6,7.43,0.812,0.551,0.451,0.314,12,1,real,Literature,preclinical,Tumor Suppressor,Gene,down,Mutated Gene
RAD21,Pancreatic (PDAC),8.04,0.48,0.721,0.756,0.707,0.257,1,1,real,Literature,preclinical,Oncogene,Gene,up,Mutated Gene
PLCG2,Pancreatic (PDAC),7.0,0.98,0.668,0.616,0.533,0.224,4,1,real,Literature,preclinical,Oncogene,Gene,up,Mutated Gene
NKX2-1,Pancreatic (PDAC),8.03,1.89,0.879,0.754,0.704,0.355,10,1,real,Literature,preclinical,Oncogene,Gene,up,Mutated Gene
BARD1,Pancreatic (PDAC),2.65,4.58,0.887,0.923,0.916,0.361,1,1,real,Literature,preclinical,Tumor Suppressor,Gene,down,Mutated Gene
LYN,Pancreatic (PDAC),9.03,0.62,0.639,0.888,0.872,0.206,2,1,real,Literature,preclinical,Oncogene,Gene,up,Mutated Gene
JUN,Pancreatic (PDAC),9.16,0.73,0.635,0.904,0.893,0.203,3,1,real,Literature,preclinical,Oncogene,Gene,up,Mutated Gene
CREBBP,Pancreatic (PDAC),2.75,6.58,0.674,0.941,0.939,0.227,9,1,real,Literature,preclinical,Tumor Suppressor,Gene,down,Mutated Gene
PLK2,Pancreatic (PDAC),0.92,4.68,0.733,0.609,0.523,0.264,1,1,real,Literature,preclinical,Tumor Suppressor,Gene,down,Mutated Gene
BRAF,Pancreatic (PDAC),7.07,1.35,0.898,0.626,0.546,0.368,7,1,real,Literature,preclinical,Oncogene,Gene,up,Mutated Gene
H1-2,Pancreatic (PDAC),0.89,6.09,0.847,0.603,0.517,0.336,7,1,real,Literature,preclinical,Tumor Suppressor,Gene,down,Mutated Gene
CYLD,Pancreatic (PDAC),1.35,5.67,0.669,0.687,0.621,0.225,5,1,real,Literature,preclinical,Tumor Suppressor,Gene,down,Mutated Gene
AGO2,Pancreatic (PDAC),8.13,0.82,0.756,0.768,0.722,0.279,3,1,real,Literature,preclinical,Oncogene,Gene,up,Mutated Gene
FAT1,Pancreatic (PDAC),1.56,6.55,0.673,0.724,0.667,0.227,9,1,real,Literature,preclinical,Tumor Suppressor,Gene,down,Mutated Gene
REL,Pancreatic (PDAC),7.66,0.45,0.585,0.705,0.644,0.172,1,1,real,Literature,preclinical,Oncogene,Gene,up,Mutated Gene
CDK12,Pancreatic (PDAC),2.08,6.93,0.771,0.82,0.787,0.288,10,1,real,Literature,preclinical,Tumor Suppressor,Gene,down,Mutated Gene
EZH1,Pancreatic (PDAC),7.97,1.89,0.882,0.746,0.695,0.357,10,1,real,Literature,preclinical,Oncogene,Gene,up,Mutated Gene
EZH2,Pancreatic (PDAC),9.15,1.17,0.787,0.903,0.892,0.298,6,1,real,Literature,preclinical,Oncogene,Gene,up,Mutated Gene
RET,Pancreatic (PDAC),6.7,1.77,0.835,0.576,0.483,0.328,10,1,real,Literature,preclinical,Oncogene,Gene,up,Mutated Gene
CDKN1A,Pancreatic (PDAC),1.65,5.81,0.795,0.74,0.688,0.303,6,1,real,Literature,preclinical,Tumor Suppressor,Gene,down,Mutated Gene
SETD2,Pancreatic (PDAC),1.88,5.34,0.723,0.783,0.741,0.258,4,1,real,Literature,preclinical,Tumor Suppressor,Gene,down,Mutated Gene
CDKN1B,Pancreatic (PDAC),2.73,4.93,0.911,0.937,0.933,0.376,2,1,real,Literature,preclinical,Tumor Suppressor,Gene,down,Mutated Gene
CTCF,Pancreatic (PDAC),1.96,6.49,0.559,0.796,0.758,0.156,8,1,real,Literature,preclinical,Tumor Suppressor,Gene,down,Mutated Gene
GLI1,Pancreatic (PDAC),9.34,0.49,0.903,0.929,0.924,0.371,1,1,real,Literature,preclinical,Oncogene,Gene,up,Mutated Gene
PHF6,Pancreatic (PDAC),2.79,5.09,0.766,0.948,0.947,0.285,3,1,real,Literature,preclinical,Tumor Suppressor,Gene,down,Mutated Gene
BBC3,Pancreatic (PDAC),1.34,4.84,0.647,0.684,0.617,0.211,2,1,real,Literature,preclinical,Tumor Suppressor,Gene,down,Mutated Gene
MED12,Pancreatic (PDAC),2.62,6.4,0.875,0.918,0.91,0.353,8,1,real,Literature,preclinical,Tumor Suppressor,Gene,down,Mutated Gene
NUF2,Pancreatic (PDAC),7.38,1.22,0.596,0.668,0.597,0.179,6,1,real,Literature,preclinical,Oncogene,Gene,up,Mutated Gene
CTLA4,Pancreatic (PDAC),2.44,7.39,0.893,0.885,0.869,0.365,12,1,real,Literature,preclinical,Tumor Suppressor,Gene,down,Mutated Gene
ELOC,Pancreatic (PDAC),1.68,6.11,0.911,0.746,0.695,0.375,7,1,real,Literature,preclinical,Tumor Suppressor,Gene,down,Mutated Gene
CIC,Pancreatic (PDAC),1.79,5.62,0.635,0.767,0.721,0.203,5,1,real,Literature,preclinical,Tumor Suppressor,Gene,down,Mutated Gene
JAK2,Pancreatic (PDAC),7.35,2.0,0.682,0.663,0.591,0.233,11,1,real,Literature,preclinical,Oncogene,Gene,up,Mutated Gene
IKBKE,Pancreatic (PDAC),9.13,2.03,0.567,0.901,0.889,0.161,11,1,real,Literature,preclinical,Oncogene,Gene,up,Mutated Gene
JAK3,Pancreatic (PDAC),9.22,1.84,0.946,0.912,0.903,0.398,10,1,real,Literature,preclinical,Oncogene,Gene,up,Mutated Gene
JAK1,Pancreatic (PDAC),9.21,1.65,0.562,0.911,0.901,0.157,9,1,real,Literature,preclinical,Oncogene,Gene,up,Mutated Gene
DUSP4,Pancreatic (PDAC),1.69,4.65,0.715,0.749,0.698,0.253,1,1,real,Literature,preclinical,Tumor Suppressor,Gene,down,Mutated Gene
UPF1,Pancreatic (PDAC),1.76,6.51,0.785,0.761,0.713,0.297,9,1,real,Literature,preclinical,Tumor Suppressor,Gene,down,Mutated Gene
IFNGR1,Pancreatic (PDAC),1.59,5.4,0.899,0.729,0.674,0.368,4,1,real,Literature,preclinical,Tumor Suppressor,Gene,down,Mutated Gene
TET2,Pancreatic (PDAC),0.86,5.79,0.58,0.597,0.508,0.169,6,1,real,Literature,preclinical,Tumor Suppressor,Gene,down,Mutated Gene
RRAS2,Pancreatic (PDAC),7.75,0.8,0.854,0.716,0.658,0.34,3,1,real,Literature,preclinical,Oncogene,Gene,up,Mutated Gene
TET1,Pancreatic (PDAC),1.68,5.86,0.895,0.747,0.696,0.366,6,1,real,Literature,preclinical,Tumor Suppressor,Gene,down,Mutated Gene
PAX5,Pancreatic (PDAC),1.06,5.95,0.805,0.634,0.555,0.309,6,1,real,Literature,preclinical,Tumor Suppressor,Gene,down,Mutated Gene
NCOR1,Pancreatic (PDAC),2.69,7.11,0.623,0.929,0.924,0.196,11,1,real,Literature,preclinical,Tumor Suppressor,Gene,down,Mutated Gene
RARA,Pancreatic (PDAC),6.69,1.42,0.869,0.575,0.481,0.349,7,1,real,Literature,preclinical,Oncogene,Gene,up,Mutated Gene
POT1,Pancreatic (PDAC),2.4,6.65,0.926,0.877,0.859,0.385,9,1,real,Literature,preclinical,Tumor Suppressor,Gene,down,Mutated Gene
PPARG,Pancreatic (PDAC),0.69,5.36,0.804,0.566,0.47,0.309,4,1,real,Literature,preclinical,Tumor Suppressor,Gene,down,Mutated Gene
FH,Pancreatic (PDAC),0.76,4.69,0.845,0.579,0.486,0.334,1,1,real,Literature,preclinical,Tumor Suppressor,Gene,down,Mutated Gene
GPS2,Pancreatic (PDAC),2.63,5.28,0.763,0.919,0.912,0.283,4,1,real,Literature,preclinical,Tumor Suppressor,Gene,down,Mutated Gene
CENPA,Pancreatic (PDAC),7.28,1.66,0.84,0.653,0.579,0.331,9,1,real,Literature,preclinical,Oncogene,Gene,up,Mutated Gene
EGFR,Pancreatic (PDAC),6.79,1.95,0.584,0.864,0.498,0.171,70,1,real,Literature,clinical,Oncogene,Gene,up,Mutated Gene
RECQL4,Pancreatic (PDAC),0.85,5.93,0.641,0.595,0.506,0.207,6,1,real,Literature,preclinical,Tumor Suppressor,Gene,down,Mutated Gene
NSD3,Pancreatic (PDAC),9.47,1.85,0.738,0.946,0.946,0.267,10,1,real,Literature,preclinical,Oncogene,Gene,up,Mutated Gene
NRAS,Pancreatic (PDAC),8.46,1.54,0.783,0.811,0.777,0.296,8,1,real,Literature,preclinical,Oncogene,Gene,up,Mutated Gene
H3C13,Pancreatic (PDAC),6.63,0.45,0.632,0.567,0.472,0.201,1,1,real,Literature,preclinical,Oncogene,Gene,up,Mutated Gene
NSD1,Pancreatic (PDAC),9.43,1.72,0.557,0.941,0.938,0.154,9,1,real,Literature,preclinical,Oncogene,Gene,up,Mutated Gene
H3C11,Pancreatic (PDAC),7.93,1.35,0.91,0.74,0.688,0.375,7,1,real,Literature,preclinical,Oncogene,Gene,up,Mutated Gene
NSD2,Pancreatic (PDAC),8.34,1.79,0.792,0.795,0.756,0.301,10,1,real,Literature,preclinical,Oncogene,Gene,up,Mutated Gene
SPOP,Pancreatic (PDAC),0.92,4.57,0.598,0.608,0.523,0.18,1,1,real,Literature,preclinical,Tumor Suppressor,Gene,down,Mutated Gene
H3C10,Pancreatic (PDAC),9.02,0.77,0.699,0.886,0.87,0.243,3,1,real,Literature,preclinical,Oncogene,Gene,up,Mutated Gene
PMS2,Pancreatic (PDAC),1.29,6.98,0.662,0.676,0.607,0.22,10,1,real,Literature,preclinical,Tumor Suppressor,Gene,down,Mutated Gene
RICTOR,Pancreatic (PDAC),9.04,1.04,0.817,0.888,0.873,0.317,5,1,real,Literature,preclinical,Oncogene,Gene,up,Mutated Gene
SF3B1,Pancreatic (PDAC),8.66,1.21,0.57,0.837,0.809,0.162,6,1,real,Literature,preclinical,Oncogene,Gene,up,Mutated Gene
PMS1,Pancreatic (PDAC),0.78,5.16,0.673,0.583,0.491,0.227,3,1,real,Literature,preclinical,Tumor Suppressor,Gene,down,Mutated Gene
BRD4,Pancreatic (PDAC),8.42,0.91,0.89,0.806,0.77,0.362,4,1,real,Literature,preclinical,Oncogene,Gene,up,Mutated Gene
CDKN2B,Pancreatic (PDAC),0.73,5.04,0.588,0.573,0.479,0.174,3,1,real,Literature,preclinical,Tumor Suppressor,Gene,down,Mutated Gene
CDKN2C,Pancreatic (PDAC),1.33,5.24,0.595,0.683,0.616,0.178,3,1,real,Literature,preclinical,Tumor Suppressor,Gene,down,Mutated Gene
CDKN2A,Pancreatic (PDAC),1.49,5.9,0.592,0.907,0.653,0.176,85,1,real,Literature,clinical,Tumor Suppressor,Gene,down,Mutated Gene
RYBP,Pancreatic (PDAC),2.22,5.69,0.622,0.845,0.819,0.195,5,1,real,Literature,preclinical,Tumor Suppressor,Gene,down,Mutated Gene
WT1,Pancreatic (PDAC),2.36,6.18,0.711,0.87,0.85,0.251,7,1,real,Literature,preclinical,Tumor Suppressor,Gene,down,Mutated Gene
INHA,Pancreatic (PDAC),9.29,1.43,0.604,0.922,0.915,0.184,7,1,real,Literature,preclinical,Oncogene,Gene,up,Mutated Gene
CRLF2,Pancreatic (PDAC),7.62,2.1,0.905,0.699,0.636,0.372,12,1,real,Literature,preclinical,Oncogene,Gene,up,Mutated Gene
CSF3R,Pancreatic (PDAC),9.42,2.08,0.925,0.939,0.936,0.384,12,1,real,Literature,preclinical,Oncogene,Gene,up,Mutated Gene
MRE11,Pancreatic (PDAC),2.18,7.37,0.578,0.837,0.809,0.167,12,1,real,Literature,preclinical,Tumor Suppressor,Gene,down,Mutated Gene
IRS1,Pancreatic (PDAC),7.87,2.2,0.697,0.733,0.678,0.242,12,1,real,Literature,preclinical,Oncogene,Gene,up,Mutated Gene
IRS2,Pancreatic (PDAC),9.03,0.87,0.806,0.887,0.871,0.31,4,1,real,Literature,preclinical,Oncogene,Gene,up,Mutated Gene
STK19,Pancreatic (PDAC),6.74,0.75,0.879,0.582,0.49,0.356,3,1,real,Literature,preclinical,Oncogene,Gene,up,Mutated Gene
MSI1,Pancreatic (PDAC),7.88,1.53,0.665,0.735,0.681,0.222,8,1,real,Literature,preclinical,Oncogene,Gene,up,Mutated Gene
MSI2,Pancreatic (PDAC),7.51,1.5,0.564,0.685,0.618,0.159,8,1,real,Literature,preclinical,Oncogene,Gene,up,Mutated Gene
FGF3,Pancreatic (PDAC),7.82,1.01,0.871,0.726,0.67,0.351,5,1,real,Literature,preclinical,Oncogene,Gene,up,Mutated Gene
FGF4,Pancreatic (PDAC),7.93,1.41,0.946,0.741,0.689,0.398,7,1,real,Literature,preclinical,Oncogene,Gene,up,Mutated Gene
STK11,Pancreatic (PDAC),2.46,6.83,0.585,0.888,0.872,0.172,10,1,real,Literature,preclinical,Tumor Suppressor,Gene,down,Mutated Gene
CYSLTR2,Pancreatic (PDAC),8.91,0.77,0.872,0.871,0.852,0.351,3,1,real,Literature,preclinical,Oncogene,Gene,up,Mutated Gene
CDH1,Pancreatic (PDAC),2.71,5.56,0.561,0.934,0.93,0.157,5,1,real,Literature,preclinical,Tumor Suppressor,Gene,down,Mutated Gene
SESN2,Pancreatic (PDAC),2.65,6.85,0.931,0.923,0.916,0.388,10,1,real,Literature,preclinical,Tumor Suppressor,Gene,down,Mutated Gene
PIM1,Pancreatic (PDAC),8.93,1.62,0.782,0.874,0.855,0.295,9,1,real,Literature,preclinical,Oncogene,Gene,up,Mutated Gene
NBN,Pancreatic (PDAC),2.13,5.14,0.562,0.828,0.798,0.157,3,1,real,Literature,preclinical,Tumor Suppressor,Gene,down,Mutated Gene
KMT5A,Pancreatic (PDAC),8.29,0.91,0.856,0.788,0.748,0.341,4,1,real,Literature,preclinical,Oncogene,Gene,up,Mutated Gene
ROS1,Pancreatic (PDAC),8.89,1.69,0.611,0.869,0.849,0.188,9,1,real,Literature,preclinical,Oncogene,Gene,up,Mutated Gene
MEN1,Pancreatic (PDAC),0.86,6.32,0.895,0.597,0.509,0.365,8,1,real,Literature,preclinical,Tumor Suppressor,Gene,down,Mutated Gene
RNF43,Pancreatic (PDAC),1.93,6.63,0.803,0.792,0.752,0.308,9,1,real,Literature,preclinical,Tumor Suppressor,Gene,down,Mutated Gene
MAP2K4,Pancreatic (PDAC),2.09,6.97,0.892,0.82,0.788,0.364,10,1,real,Literature,preclinical,Tumor Suppressor,Gene,down,Mutated Gene
MAP2K1,Pancreatic (PDAC),6.96,0.46,0.876,0.611,0.526,0.353,1,1,real,Literature,preclinical,Oncogene,Gene,up,Mutated Gene
MAP2K2,Pancreatic (PDAC),6.74,1.87,0.814,0.582,0.49,0.315,10,1,real,Literature,preclinical,Oncogene,Gene,up,Mutated Gene
FBXW7,Pancreatic (PDAC),1.73,5.54,0.652,0.756,0.707,0.214,5,1,real,Literature,preclinical,Tumor Suppressor,Gene,down,Mutated Gene
EIF1AX,Pancreatic (PDAC),6.7,2.05,0.839,0.577,0.484,0.331,12,1,real,Literature,preclinical,Oncogene,Gene,up,Mutated Gene
TAP2,Pancreatic (PDAC),0.67,7.34,0.929,0.563,0.466,0.387,12,1,real,Literature,preclinical,Tumor Suppressor,Gene,down,Mutated Gene
TAP1,Pancreatic (PDAC),1.57,7.26,0.943,0.726,0.67,0.396,12,1,real,Literature,preclinical,Tumor Suppressor,Gene,down,Mutated Gene
MITF,Pancreatic (PDAC),8.35,1.08,0.655,0.796,0.758,0.216,5,1,real,Literature,preclinical,Oncogene,Gene,up,Mutated Gene
FOXP1,Pancreatic (PDAC),7.16,0.82,0.636,0.638,0.56,0.203,3,1,real,Literature,preclinical,Oncogene,Gene,up,Mutated Gene
MSH6,Pancreatic (PDAC),1.49,7.04,0.895,0.711,0.651,0.365,11,1,real,Literature,preclinical,Tumor Suppressor,Gene,down,Mutated Gene
SMO,Pancreatic (PDAC),6.66,0.53,0.652,0.572,0.477,0.213,1,1,real,Literature,preclinical,Oncogene,Gene,up,Mutated Gene
MSH2,Pancreatic (PDAC),2.52,5.76,0.771,0.9,0.887,0.288,6,1,real,Literature,preclinical,Tumor Suppressor,Gene,down,Mutated Gene
MSH3,Pancreatic (PDAC),2.29,5.54,0.94,0.857,0.834,0.394,5,1,real,Literature,preclinical,Tumor Suppressor,Gene,down,Mutated Gene
ERF,Pancreatic (PDAC),1.12,6.65,0.661,0.645,0.569,0.22,9,1,real,Literature,preclinical,Tumor Suppressor,Gene,down,Mutated Gene
PGR,Pancreatic (PDAC),7.15,1.57,0.797,0.637,0.558,0.304,8,1,real,Literature,preclinical,Oncogene,Gene,up,Mutated Gene
ERG,Pancreatic (PDAC),8.99,1.22,0.641,0.882,0.865,0.207,6,1,real,Literature,preclinical,Oncogene,Gene,up,Mutated Gene
NOTCH2,Pancreatic (PDAC),7.97,0.62,0.799,0.746,0.695,0.306,2,1,real,Literature,preclinical,Oncogene,Gene,up,Mutated Gene
CD274,Pancreatic (PDAC),7.38,1.39,0.669,0.668,0.597,0.225,7,1,real,Literature,preclinical,Oncogene,Gene,up,Mutated Gene
CSF1R,Pancreatic (PDAC),9.47,1.27,0.643,0.946,0.945,0.208,6,1,real,Literature,preclinical,Oncogene,Gene,up,Mutated Gene
KMT2D,Pancreatic (PDAC),2.17,5.58,0.799,0.836,0.808,0.306,5,1,real,Literature,preclinical,Tumor Suppressor,Gene,down,Mutated Gene
NOTCH3,Pancreatic (PDAC),9.15,1.55,0.757,0.903,0.892,0.279,8,1,real,Literature,preclinical,Oncogene,Gene,up,Mutated Gene
DNMT1,Pancreatic (PDAC),6.65,0.77,0.752,0.57,0.474,0.276,3,1,real,Literature,preclinical,Oncogene,Gene,up,Mutated Gene
BLM,Pancreatic (PDAC),2.8,6.06,0.643,0.95,0.95,0.208,7,1,real,Literature,preclinical,Tumor Suppressor,Gene,down,Mutated Gene
NOTCH1,Pancreatic (PDAC),8.33,1.44,0.604,0.794,0.755,0.184,7,1,real,Literature,preclinical,Oncogene,Gene,up,Mutated Gene
CBFB,Pancreatic (PDAC),1.56,6.35,0.845,0.724,0.668,0.334,8,1,real,Literature,preclinical,Tumor Suppressor,Gene,down,Mutated Gene
KMT2A,Pancreatic (PDAC),8.99,0.69,0.575,0.881,0.864,0.166,2,1,real,Literature,preclinical,Oncogene,Gene,up,Mutated Gene
MAX,Pancreatic (PDAC),7.25,1.28,0.783,0.65,0.575,0.295,6,1,real,Literature,preclinical,Oncogene,Gene,up,Mutated Gene
CUL3,Pancreatic (PDAC),0.92,5.69,0.856,0.608,0.522,0.342,5,1,real,Literature,preclinical,Tumor Suppressor,Gene,down,Mutated Gene
ANKRD11,Pancreatic (PDAC),0.67,5.55,0.885,0.562,0.465,0.359,5,1,real,Literature,preclinical,Tumor Suppressor,Gene,down,Mutated Gene
NOTCH4,Pancreatic (PDAC),7.18,1.16,0.705,0.641,0.564,0.247,6,1,real,Literature,preclinical,Oncogene,Gene,up,Mutated Gene
KMT2C,Pancreatic (PDAC),2.1,5.38,0.804,0.822,0.79,0.309,4,1,real,Literature,preclinical,Tumor Suppressor,Gene,down,Mutated Gene
KMT2B,Pancreatic (PDAC),7.05,2.16,0.861,0.623,0.541,0.344,12,1,real,Literature,preclinical,Oncogene,Gene,up,Mutated Gene
VTCN1,Pancreatic (PDAC),9.46,1.18,0.661,0.944,0.943,0.22,6,1,real,Literature,preclinical,Oncogene,Gene,up,Mutated Gene
CYP19A1,Pancreatic (PDAC),9.44,1.77,0.91,0.942,0.939,0.375,10,1,real,Literature,preclinical,Oncogene,Gene,up,Mutated Gene
FOXO1,Pancreatic (PDAC),1.31,5.85,0.586,0.679,0.612,0.172,6,1,real,Literature,preclinical,Tumor Suppressor,Gene,down,Mutated Gene
BCL2L11,Pancreatic (PDAC),1.97,4.51,0.607,0.8,0.762,0.186,1,1,real,Literature,preclinical,Tumor Suppressor,Gene,down,Mutated Gene
SOCS1,Pancreatic (PDAC),0.93,5.62,0.639,0.61,0.526,0.206,5,1,real,Literature,preclinical,Tumor Suppressor,Gene,down,Mutated Gene
ATXN7,Pancreatic (PDAC),1.6,4.51,0.798,0.731,0.677,0.305,1,1,real,Literature,preclinical,Tumor Suppressor,Gene,down,Mutated Gene
ABL1,Pancreatic (PDAC),6.71,2.08,0.697,0.578,0.485,0.242,12,1,real,Literature,preclinical,Oncogene,Gene,up,Mutated Gene
SMYD3,Pancreatic (PDAC),9.19,1.57,0.678,0.909,0.899,0.23,8,1,real,Literature,preclinical,Oncogene,Gene,up,Mutated Gene
MCL1,Pancreatic (PDAC),9.45,0.89,0.922,0.943,0.941,0.383,4,1,real,Literature,preclinical,Oncogene,Gene,up,Mutated Gene
CD276,Pancreatic (PDAC),7.43,0.45,0.875,0.674,0.605,0.353,1,1,real,Literature,preclinical,Oncogene,Gene,up,Mutated Gene
FANCA,Pancreatic (PDAC),2.32,4.89,0.556,0.862,0.84,0.154,2,1,real,Literature,preclinical,Tumor Suppressor,Gene,down,Mutated Gene
FANCC,Pancreatic (PDAC),1.47,7.36,0.735,0.708,0.648,0.265,12,1,real,Literature,preclinical,Tumor Suppressor,Gene,down,Mutated Gene
PALB2,Pancreatic (PDAC),2.43,7.2,0.701,0.966,0.866,0.244,45,1,real,Literature,clinical,Tumor Suppressor,Gene,down,Mutated Gene
PTPRD,Pancreatic (PDAC),0.92,6.93,0.632,0.608,0.522,0.202,10,1,real,Literature,preclinical,Tumor Suppressor,Gene,down,Mutated Gene
CDK8,Pancreatic (PDAC),7.39,0.45,0.748,0.669,0.599,0.273,1,1,real,Literature,preclinical,Oncogene,Gene,up,Mutated Gene
CDK6,Pancreatic (PDAC),8.18,2.17,0.831,0.773,0.729,0.326,12,1,real,Literature,preclinical,Oncogene,Gene,up,Mutated Gene
BCL6,Pancreatic (PDAC),7.13,1.69,0.873,0.634,0.555,0.352,9,1,real,Literature,preclinical,Oncogene,Gene,up,Mutated Gene
CDK4,Pancreatic (PDAC),6.73,0.49,0.64,0.581,0.489,0.207,1,1,real,Literature,preclinical,Oncogene,Gene,up,Mutated Gene
RHEB,Pancreatic (PDAC),8.37,1.79,0.766,0.799,0.761,0.285,10,1,real,Literature,preclinical,Oncogene,Gene,up,Mutated Gene
NF1,Pancreatic (PDAC),1.16,6.72,0.868,0.652,0.578,0.349,9,1,real,Literature,preclinical,Tumor Suppressor,Gene,down,Mutated Gene
BCL2,Pancreatic (PDAC),8.66,1.92,0.838,0.838,0.81,0.33,11,1,real,Literature,preclinical,Oncogene,Gene,up,Mutated Gene
MDM2,Pancreatic (PDAC),7.99,1.88,0.831,0.749,0.699,0.325,10,1,real,Literature,preclinical,Oncogene,Gene,up,Mutated Gene
MDM4,Pancreatic (PDAC),7.1,2.11,0.891,0.63,0.549,0.363,12,1,real,Literature,preclinical,Oncogene,Gene,up,Mutated Gene
NF2,Pancreatic (PDAC),2.04,6.19,0.939,0.811,0.776,0.393,7,1,real,Literature,preclinical,Tumor Suppressor,Gene,down,Mutated Gene
MAP3K13,Pancreatic (PDAC),8.55,1.02,0.719,0.823,0.791,0.256,5,1,real,Literature,preclinical,Oncogene,Gene,up,Mutated Gene
MYD88,Pancreatic (PDAC),9.26,0.89,0.746,0.919,0.911,0.272,4,1,real,Literature,preclinical,Oncogene,Gene,up,Mutated Gene
BCL2L1,Pancreatic (PDAC),7.04,1.61,0.658,0.622,0.541,0.218,9,1,real,Literature,preclinical,Oncogene,Gene,up,Mutated Gene
NFE2L2,Pancreatic (PDAC),7.95,0.46,0.618,0.743,0.692,0.193,1,1,real,Literature,preclinical,Oncogene,Gene,up,Mutated Gene
ALK,Pancreatic (PDAC),6.61,1.72,0.775,0.565,0.469,0.29,9,1,real,Literature,preclinical,Oncogene,Gene,up,Mutated Gene
FLT1,Pancreatic (PDAC),8.48,1.09,0.853,0.814,0.78,0.339,5,1,real,Literature,preclinical,Oncogene,Gene,up,Mutated Gene
FLT3,Pancreatic (PDAC),9.3,1.06,0.581,0.924,0.917,0.169,5,1,real,Literature,preclinical,Oncogene,Gene,up,Mutated Gene
FLT4,Pancreatic (PDAC),8.38,1.89,0.85,0.801,0.763,0.337,10,1,real,Literature,preclinical,Oncogene,Gene,up,Mutated Gene
PTEN,Pancreatic (PDAC),2.7,6.16,0.694,0.932,0.927,0.24,7,1,real,Literature,preclinical,Tumor Suppressor,Gene,down,Mutated Gene
PIK3CD,Pancreatic (PDAC),7.37,1.67,0.734,0.667,0.596,0.265,9,1,real,Literature,preclinical,Oncogene,Gene,up,Mutated Gene
PIK3C2G,Pancreatic (PDAC),8.33,1.59,0.898,0.794,0.755,0.368,8,1,real,Literature,preclinical,Oncogene,Gene,up,Mutated Gene
PIK3CB,Pancreatic (PDAC),7.88,0.6,0.614,0.734,0.68,0.19,2,1,real,Literature,preclinical,Oncogene,Gene,up,Mutated Gene
CDC73,Pancreatic (PDAC),1.14,5.34,0.892,0.648,0.573,0.363,4,1,real,Literature,preclinical,Tumor Suppressor,Gene,down,Mutated Gene
PIK3CG,Pancreatic (PDAC),6.67,1.93,0.812,0.573,0.478,0.314,11,1,real,Literature,preclinical,Oncogene,Gene,up,Mutated Gene
PPP6C,Pancreatic (PDAC),2.03,7.26,0.906,0.81,0.775,0.372,12,1,real,Literature,preclinical,Tumor Suppressor,Gene,down,Mutated Gene
DNMT3B,Pancreatic (PDAC),7.6,1.47,0.667,0.696,0.633,0.223,8,1,real,Literature,preclinical,Oncogene,Gene,up,Mutated Gene
NKX3-1,Pancreatic (PDAC),1.57,6.37,0.554,0.727,0.671,0.152,8,1,real,Literature,preclinical,Tumor Suppressor,Gene,down,Mutated Gene
DIS3,Pancreatic (PDAC),1.24,5.85,0.902,0.667,0.596,0.37,6,1,real,Literature,preclinical,Tumor Suppressor,Gene,down,Mutated Gene
ATRX,Pancreatic (PDAC),2.3,6.45,0.93,0.86,0.837,0.388,8,1,real,Literature,preclinical,Tumor Suppressor,Gene,down,Mutated Gene
DNMT3A,Pancreatic (PDAC),7.96,0.78,0.671,0.744,0.693,0.226,3,1,real,Literature,preclinical,Oncogene,Gene,up,Mutated Gene
TRAF2,Pancreatic (PDAC),9.07,1.35,0.581,0.892,0.878,0.169,7,1,real,Literature,preclinical,Oncogene,Gene,up,Mutated Gene
FOXL2,Pancreatic (PDAC),6.54,0.42,0.926,0.556,0.457,0.385,1,1,real,Literature,preclinical,Oncogene,Gene,up,Mutated Gene
PTP4A1,Pancreatic (PDAC),7.93,1.49,0.674,0.74,0.688,0.227,8,1,real,Literature,preclinical,Oncogene,Gene,up,Mutated Gene
TRAF7,Pancreatic (PDAC),7.53,0.72,0.773,0.687,0.622,0.289,3,1,real,Literature,preclinical,Oncogene,Gene,up,Mutated Gene
PIK3CA,Pancreatic (PDAC),9.3,0.96,0.608,0.924,0.917,0.186,4,1,real,Literature,preclinical,Oncogene,Gene,up,Mutated Gene
PIK3C3,Pancreatic (PDAC),9.06,0.76,0.569,0.891,0.876,0.162,3,1,real,Literature,preclinical,Oncogene,Gene,up,Mutated Gene
TOP1,Pancreatic (PDAC),7.47,0.56,0.606,0.679,0.611,0.185,2,1,real,Literature,preclinical,Oncogene,Gene,up,Mutated Gene
SOS1,Pancreatic (PDAC),8.85,1.93,0.608,0.863,0.841,0.186,11,1,real,Literature,preclinical,Oncogene,Gene,up,Mutated Gene
MET,Pancreatic (PDAC),6.97,1.6,0.914,0.872,0.528,0.378,50,1,real,Literature,clinical,Oncogene,Gene,up,Mutated Gene
BIRC3,Pancreatic (PDAC),8.32,0.41,0.684,0.792,0.753,0.234,1,1,real,Literature,preclinical,Oncogene,Gene,up,Mutated Gene
SMARCD1,Pancreatic (PDAC),8.41,0.49,0.898,0.805,0.769,0.367,1,1,real,Literature,preclinical,Oncogene,Gene,up,Mutated Gene
CEBPA,Pancreatic (PDAC),1.01,6.06,0.914,0.624,0.543,0.378,7,1,real,Literature,preclinical,Tumor Suppressor,Gene,down,Mutated Gene
SRC,Pancreatic (PDAC),7.52,1.17,0.923,0.686,0.62,0.383,6,1,real,Literature,preclinical,Oncogene,Gene,up,Mutated Gene
U2AF1,Pancreatic (PDAC),9.06,0.92,0.568,0.891,0.876,0.162,4,1,real,Literature,preclinical,Oncogene,Gene,up,Mutated Gene
PPM1D,Pancreatic (PDAC),6.98,1.48,0.679,0.614,0.53,0.231,8,1,real,Literature,preclinical,Oncogene,Gene,up,Mutated Gene
MALT1,Pancreatic (PDAC),9.42,0.53,0.838,0.939,0.937,0.33,1,1,real,Literature,preclinical,Oncogene,Gene,up,Mutated Gene
CDC42,Pancreatic (PDAC),7.56,0.76,0.832,0.692,0.627,0.326,3,1,real,Literature,preclinical,Oncogene,Gene,up,Mutated Gene
DNAJB1,Pancreatic (PDAC),7.26,1.58,0.806,0.651,0.576,0.31,8,1,real,Literature,preclinical,Oncogene,Gene,up,Mutated Gene
FIP1L1,Pancreatic (PDAC),8.58,1.85,0.692,0.827,0.796,0.239,10,1,real,Literature,preclinical,Oncogene,Gene,up,Mutated Gene
E2F3,Pancreatic (PDAC),8.62,1.63,0.839,0.832,0.803,0.331,9,1,real,Literature,preclinical,Oncogene,Gene,up,Mutated Gene
FYN,Pancreatic (PDAC),9.36,2.09,0.899,0.931,0.926,0.368,12,1,real,Literature,preclinical,Oncogene,Gene,up,Mutated Gene
EIF4E,Pancreatic (PDAC),6.92,1.2,0.702,0.606,0.52,0.245,6,1,real,Literature,preclinical,Oncogene,Gene,up,Mutated Gene
SH2B3,Pancreatic (PDAC),1.43,5.14,0.593,0.702,0.64,0.177,3,1,real,Literature,preclinical,Tumor Suppressor,Gene,down,Mutated Gene
NTRK1,Pancreatic (PDAC),6.58,1.92,0.722,0.561,0.463,0.257,11,1,real,Literature,preclinical,Oncogene,Gene,up,Mutated Gene
NTRK2,Pancreatic (PDAC),7.59,1.95,0.648,0.695,0.632,0.211,11,1,real,Literature,preclinical,Oncogene,Gene,up,Mutated Gene
MGA,Pancreatic (PDAC),1.46,5.22,0.763,0.707,0.646,0.283,3,1,real,Literature,preclinical,Tumor Suppressor,Gene,down,Mutated Gene
NTRK3,Pancreatic (PDAC),8.87,1.62,0.576,0.866,0.845,0.166,9,1,real,Literature,preclinical,Oncogene,Gene,up,Mutated Gene
PTPN11,Pancreatic (PDAC),8.54,0.89,0.905,0.822,0.789,0.372,4,1,real,Literature,preclinical,Oncogene,Gene,up,Mutated Gene
KLF4,Pancreatic (PDAC),1.02,7.05,0.672,0.626,0.545,0.226,11,1,real,Literature,preclinical,Tumor Suppressor,Gene,down,Mutated Gene
MTOR,Pancreatic (PDAC),8.84,0.41,0.593,0.862,0.84,0.177,1,1,real,Literature,preclinical,Oncogene,Gene,up,Mutated Gene
TBX3,Pancreatic (PDAC),8.58,0.43,0.807,0.827,0.797,0.311,1,1,real,Literature,preclinical,Oncogene,Gene,up,Mutated Gene
PNRC1,Pancreatic (PDAC),7.31,0.45,0.618,0.658,0.585,0.193,1,1,real,Literature,preclinical,Oncogene,Gene,up,Mutated Gene
ASXL1,Pancreatic (PDAC),1.59,6.7,0.713,0.73,0.675,0.252,9,1,real,Literature,preclinical,Tumor Suppressor,Gene,down,Mutated Gene
RAD52,Pancreatic (PDAC),1.46,6.96,0.907,0.706,0.645,0.373,10,1,real,Literature,preclinical,Tumor Suppressor,Gene,down,Mutated Gene
RAD50,Pancreatic (PDAC),2.52,4.52,0.718,0.899,0.886,0.255,1,1,real,Literature,preclinical,Tumor Suppressor,Gene,down,Mutated Gene
KLF5,Pancreatic (PDAC),9.47,1.23,0.941,0.946,0.945,0.394,6,1,real,Literature,preclinical,Oncogene,Gene,up,Mutated Gene
RAD51,Pancreatic (PDAC),1.69,6.98,0.78,0.748,0.698,0.294,10,1,real,Literature,preclinical,Tumor Suppressor,Gene,down,Mutated Gene
APC,Pancreatic (PDAC),1.09,4.96,0.851,0.64,0.562,0.338,2,1,real,Literature,preclinical,Tumor Suppressor,Gene,down,Mutated Gene
ASXL2,Pancreatic (PDAC),0.96,6.74,0.673,0.615,0.531,0.227,9,1,real,Literature,preclinical,Tumor Suppressor,Gene,down,Mutated Gene
PDCD1,Pancreatic (PDAC),0.78,6.55,0.566,0.584,0.492,0.16,9,1,real,Literature,preclinical,Tumor Suppressor,Gene,down,Mutated Gene
BCOR,Pancreatic (PDAC),2.51,5.04,0.838,0.898,0.885,0.33,3,1,real,Literature,preclinical,Tumor Suppressor,Gene,down,Mutated Gene
EIF4A2,Pancreatic (PDAC),8.84,1.89,0.611,0.863,0.841,0.188,10,1,real,Literature,preclinical,Oncogene,Gene,up,Mutated Gene
ERRFI1,Pancreatic (PDAC),0.98,5.61,0.857,0.62,0.537,0.342,5,1,real,Literature,preclinical,Tumor Suppressor,Gene,down,Mutated Gene
SMARCB1,Pancreatic (PDAC),2.2,5.82,0.785,0.84,0.813,0.297,6,1,real,Literature,preclinical,Tumor Suppressor,Gene,down,Mutated Gene
KEAP1,Pancreatic (PDAC),2.09,4.77,0.674,0.821,0.788,0.228,2,1,real,Literature,preclinical,Tumor Suppressor,Gene,down,Mutated Gene
IKZF1,Pancreatic (PDAC),0.72,6.74,0.637,0.572,0.477,0.204,9,1,real,Literature,preclinical,Tumor Suppressor,Gene,down,Mutated Gene
CRKL,Pancreatic (PDAC),7.15,1.06,0.79,0.637,0.558,0.3,5,1,real,Literature,preclinical,Oncogene,Gene,up,Mutated Gene
RPS6KA4,Pancreatic (PDAC),7.11,1.51,0.763,0.632,0.552,0.283,8,1,real,Literature,preclinical,Oncogene,Gene,up,Mutated Gene
SOX2,Pancreatic (PDAC),7.55,2.0,0.647,0.689,0.624,0.21,11,1,real,Literature,preclinical,Oncogene,Gene,up,Mutated Gene
PPP2R1A,Pancreatic (PDAC),1.26,6.22,0.585,0.67,0.6,0.172,7,1,real,Literature,preclinical,Tumor Suppressor,Gene,down,Mutated Gene
CHEK2,Pancreatic (PDAC),2.19,7.18,0.639,0.839,0.811,0.206,11,1,real,Literature,preclinical,Tumor Suppressor,Gene,down,Mutated Gene
CHEK1,Pancreatic (PDAC),1.63,7.22,0.843,0.738,0.685,0.333,11,1,real,Literature,preclinical,Tumor Suppressor,Gene,down,Mutated Gene
KDR,Pancreatic (PDAC),7.5,0.5,0.712,0.683,0.616,0.251,1,1,real,Literature,preclinical,Oncogene,Gene,up,Mutated Gene
SOX9,Pancreatic (PDAC),7.55,1.26,0.646,0.689,0.624,0.21,6,1,real,Literature,preclinical,Oncogene,Gene,up,Mutated Gene
EPHB1,Pancreatic (PDAC),7.16,0.55,0.617,0.638,0.56,0.192,1,1,real,Literature,preclinical,Oncogene,Gene,up,Mutated Gene
B2M,Pancreatic (PDAC),1.39,6.81,0.583,0.693,0.629,0.171,10,1,real,Literature,preclinical,Tumor Suppressor,Gene,down,Mutated Gene
TP63,Pancreatic (PDAC),7.25,1.34,0.934,0.65,0.576,0.39,7,1,real,Literature,preclinical,Oncogene,Gene,up,Mutated Gene
ICOSLG,Pancreatic (PDAC),7.96,1.84,0.587,0.745,0.693,0.173,10,1,real,Literature,preclinical,Oncogene,Gene,up,Mutated Gene
EPHA5,Pancreatic (PDAC),6.9,0.46,0.597,0.603,0.517,0.179,1,1,real,Literature,preclinical,Oncogene,Gene,up,Mutated Gene
ACVR1,Pancreatic (PDAC),9.19,2.06,0.71,0.909,0.898,0.25,12,1,real,Literature,preclinical,Oncogene,Gene,up,Mutated Gene
EPHA7,Pancreatic (PDAC),6.72,1.54,0.856,0.579,0.486,0.341,8,1,real,Literature,preclinical,Oncogene,Gene,up,Mutated Gene
HLA-B,Pancreatic (PDAC),2.19,6.74,0.829,0.84,0.812,0.325,9,1,real,Literature,preclinical,Tumor Suppressor,Gene,down,Mutated Gene
RECQL,Pancreatic (PDAC),0.86,4.76,0.771,0.598,0.51,0.288,2,1,real,Literature,preclinical,Tumor Suppressor,Gene,down,Mutated Gene
HNF1A,Pancreatic (PDAC),1.98,6.01,0.852,0.802,0.764,0.338,7,1,real,Literature,preclinical,Tumor Suppressor,Gene,down,Mutated Gene
HLA-A,Pancreatic (PDAC),2.37,7.34,0.829,0.872,0.853,0.325,12,1,real,Literature,preclinical,Tumor Suppressor,Gene,down,Mutated Gene
RUNX1,Pancreatic (PDAC),2.6,5.56,0.893,0.914,0.905,0.365,5,1,real,Literature,preclinical,Tumor Suppressor,Gene,down,Mutated Gene
INPP4A,Pancreatic (PDAC),0.69,5.82,0.86,0.566,0.47,0.344,6,1,real,Literature,preclinical,Tumor Suppressor,Gene,down,Mutated Gene
INPP4B,Pancreatic (PDAC),1.91,7.41,0.753,0.788,0.747,0.277,12,1,real,Literature,preclinical,Tumor Suppressor,Gene,down,Mutated Gene
RRAGC,Pancreatic (PDAC),6.67,0.7,0.576,0.572,0.478,0.166,2,1,real,Literature,preclinical,Oncogene,Gene,up,Mutated Gene
BTK,Pancreatic (PDAC),9.41,1.6,0.773,0.938,0.935,0.289,8,1,real,Literature,preclinical,Oncogene,Gene,up,Mutated Gene
CCNQ,Pancreatic (PDAC),8.18,1.53,0.583,0.774,0.73,0.171,8,1,real,Literature,preclinical,Oncogene,Gene,up,Mutated Gene
TP53,Pancreatic (PDAC),1.61,5.63,0.709,0.914,0.68,0.249,160,1,real,Literature,clinical,Tumor Suppressor,Gene,down,Mutated Gene
EPHA3,Pancreatic (PDAC),9.21,0.84,0.859,0.911,0.901,0.343,3,1,real,Literature,preclinical,Oncogene,Gene,up,Mutated Gene
RTEL1,Pancreatic (PDAC),0.92,6.99,0.714,0.608,0.523,0.253,10,1,real,Literature,preclinical,Tumor Suppressor,Gene,down,Mutated Gene
EPAS1,Pancreatic (PDAC),9.17,1.73,0.637,0.907,0.896,0.204,9,1,real,Literature,preclinical,Oncogene,Gene,up,Mutated Gene
DCUN1D1,Pancreatic (PDAC),8.86,1.27,0.797,0.865,0.844,0.305,6,1,real,Literature,preclinical,Oncogene,Gene,up,Mutated Gene
PIK3R3,Pancreatic (PDAC),7.02,1.78,0.688,0.619,0.536,0.236,10,1,real,Literature,preclinical,Oncogene,Gene,up,Mutated Gene
PIK3R2,Pancreatic (PDAC),8.64,1.67,0.83,0.835,0.806,0.325,9,1,real,Literature,preclinical,Oncogene,Gene,up,Mutated Gene
MST1R,Pancreatic (PDAC),6.5,1.63,0.608,0.55,0.45,0.186,9,1,real,Literature,preclinical,Oncogene,Gene,up,Mutated Gene
PIK3R1,Pancreatic (PDAC),7.73,1.86,0.774,0.714,0.655,0.29,10,1,real,Literature,preclinical,Oncogene,Gene,up,Mutated Gene
CD79B,Pancreatic (PDAC),8.82,1.07,0.754,0.859,0.836,0.277,5,1,real,Literature,preclinical,Oncogene,Gene,up,Mutated Gene
CD79A,Pancreatic (PDAC),7.45,2.15,0.757,0.677,0.609,0.279,12,1,real,Literature,preclinical,Oncogene,Gene,up,Mutated Gene
BRIP1,Pancreatic (PDAC),1.65,5.68,0.764,0.741,0.688,0.283,5,1,real,Literature,preclinical,Tumor Suppressor,Gene,down,Mutated Gene
RRAS,Pancreatic (PDAC),7.75,0.77,0.904,0.717,0.658,0.371,3,1,real,Literature,preclinical,Oncogene,Gene,up,Mutated Gene
PGBD5,Pancreatic (PDAC),8.0,1.12,0.551,0.749,0.699,0.15,5,1,real,Literature,preclinical,Oncogene,Gene,up,Mutated Gene
H3C3,Pancreatic (PDAC),1.6,6.54,0.639,0.732,0.677,0.205,9,1,real,Literature,preclinical,Tumor Suppressor,Gene,down,Mutated Gene
TP53BP1,Pancreatic (PDAC),1.82,4.58,0.573,0.772,0.727,0.165,1,1,real,Literature,preclinical,Tumor Suppressor,Gene,down,Mutated Gene
H3C2,Pancreatic (PDAC),2.73,6.29,0.681,0.937,0.933,0.232,8,1,real,Literature,preclinical,Tumor Suppressor,Gene,down,Mutated Gene
H3C4,Pancreatic (PDAC),2.61,5.2,0.799,0.915,0.906,0.306,3,1,real,Literature,preclinical,Tumor Suppressor,Gene,down,Mutated Gene
RBM10,Pancreatic (PDAC),1.77,5.84,0.652,0.763,0.716,0.213,6,1,real,Literature,preclinical,Tumor Suppressor,Gene,down,Mutated Gene
H3C7,Pancreatic (PDAC),1.67,6.09,0.565,0.744,0.693,0.16,7,1,real,Literature,preclinical,Tumor Suppressor,Gene,down,Mutated Gene
H3C6,Pancreatic (PDAC),2.06,6.35,0.747,0.815,0.782,0.273,8,1,real,Literature,preclinical,Tumor Suppressor,Gene,down,Mutated Gene
STAT5A,Pancreatic (PDAC),9.36,0.61,0.69,0.932,0.927,0.238,2,1,real,Literature,preclinical,Oncogene,Gene,up,Mutated Gene
ZRSR2,Pancreatic (PDAC),2.62,5.92,0.609,0.917,0.909,0.187,6,1,real,Literature,preclinical,Tumor Suppressor,Gene,down,Mutated Gene
STAT5B,Pancreatic (PDAC),9.07,0.75,0.638,0.893,0.879,0.205,3,1,real,Literature,preclinical,Oncogene,Gene,up,Mutated Gene
WWTR1,Pancreatic (PDAC),7.95,1.09,0.626,0.743,0.692,0.197,5,1,real,Literature,preclinical,Oncogene,Gene,up,Mutated Gene
YES1,Pancreatic (PDAC),6.68,2.19,0.683,0.574,0.48,0.233,12,1,real,Literature,preclinical,Oncogene,Gene,up,Mutated Gene
SETDB1,Pancreatic (PDAC),8.22,0.92,0.84,0.779,0.736,0.331,4,1,real,Literature,preclinical,Oncogene,Gene,up,Mutated Gene
XRCC2,Pancreatic (PDAC),2.54,6.43,0.618,0.904,0.892,0.192,8,1,real,Literature,preclinical,Tumor Suppressor,Gene,down,Mutated Gene
INSR,Pancreatic (PDAC),7.22,1.83,0.579,0.646,0.57,0.168,10,1,real,Literature,preclinical,Oncogene,Gene,up,Mutated Gene
SH2D1A,Pancreatic (PDAC),8.36,1.23,0.941,0.798,0.761,0.394,6,1,real,Literature,preclinical,Oncogene,Gene,up,Mutated Gene
IGF2,Pancreatic (PDAC),8.03,1.42,0.79,0.755,0.706,0.3,7,1,real,Literature,preclinical,Oncogene,Gene,up,Mutated Gene
IGF1,Pancreatic (PDAC),8.48,0.7,0.577,0.814,0.78,0.167,2,1,real,Literature,preclinical,Oncogene,Gene,up,Mutated Gene
SMARCA2,Pancreatic (PDAC),2.26,5.79,0.855,0.852,0.827,0.341,6,1,real,Literature,preclinical,Tumor Suppressor,Gene,down,Mutated Gene
SMARCA4,Pancreatic (PDAC),1.28,6.43,0.596,0.673,0.604,0.179,8,1,real,Literature,preclinical,Tumor Suppressor,Gene,down,Mutated Gene
STAG2,Pancreatic (PDAC),2.65,5.44,0.784,0.923,0.916,0.296,4,1,real,Literature,preclinical,Tumor Suppressor,Gene,down,Mutated Gene
FUBP1,Pancreatic (PDAC),0.83,6.41,0.627,0.593,0.503,0.198,8,1,real,Literature,preclinical,Tumor Suppressor,Gene,down,Mutated Gene
ATM,Pancreatic (PDAC),1.21,6.86,0.828,0.889,0.589,0.324,55,1,real,Literature,clinical,Tumor Suppressor,Gene,down,Mutated Gene
CALR,Pancreatic (PDAC),7.45,2.0,0.739,0.677,0.609,0.268,11,1,real,Literature,preclinical,Oncogene,Gene,up,Mutated Gene
BAP1,Pancreatic (PDAC),1.88,5.27,0.905,0.783,0.741,0.372,4,1,real,Literature,preclinical,Tumor Suppressor,Gene,down,Mutated Gene
ATR,Pancreatic (PDAC),1.22,6.52,0.812,0.663,0.592,0.314,9,1,real,Literature,preclinical,Tumor Suppressor,Gene,down,Mutated Gene
PTPRT,Pancreatic (PDAC),2.57,6.17,0.9,0.908,0.898,0.369,7,1,real,Literature,preclinical,Tumor Suppressor,Gene,down,Mutated Gene
PTPRS,Pancreatic (PDAC),2.26,6.15,0.698,0.852,0.828,0.243,7,1,real,Literature,preclinical,Tumor Suppressor,Gene,down,Mutated Gene
BRCA1,Pancreatic (PDAC),0.81,7.38,0.659,0.863,0.498,0.218,110,1,real,Literature,clinical,Tumor Suppressor,Gene,down,Mutated Gene
BRCA2,Pancreatic (PDAC),1.94,5.9,0.679,0.935,0.755,0.23,120,1,real,Literature,clinical,Tumor Suppressor,Gene,down,Mutated Gene
BABAM1,Pancreatic (PDAC),0.97,6.84,0.573,0.618,0.535,0.164,10,1,real,Literature,preclinical,Tumor Suppressor,Gene,down,Mutated Gene
RPTOR,Pancreatic (PDAC),8.51,0.98,0.66,0.817,0.784,0.219,4,1,real,Literature,preclinical,Oncogene,Gene,up,Mutated Gene
XPO1,Pancreatic (PDAC),7.09,0.96,0.664,0.628,0.548,0.221,4,1,real,Literature,preclinical,Oncogene,Gene,up,Mutated Gene
RAC2,Pancreatic (PDAC),7.35,1.57,0.949,0.663,0.592,0.399,8,1,real,Literature,preclinical,Oncogene,Gene,up,Mutated Gene
RAC1,Pancreatic (PDAC),8.92,1.37,0.645,0.873,0.854,0.209,7,1,real,Literature,preclinical,Oncogene,Gene,up,Mutated Gene
H3-3A,Pancreatic (PDAC),1.31,5.97,0.81,0.678,0.611,0.312,6,1,real,Literature,preclinical,Tumor Suppressor,Gene,down,Mutated Gene
IL10,Pancreatic (PDAC),1.69,5.71,0.727,0.748,0.697,0.261,5,1,real,Literature,preclinical,Tumor Suppressor,Gene,down,Mutated Gene
H3C8,Pancreatic (PDAC),1.86,5.99,0.885,0.779,0.737,0.359,6,1,real,Literature,preclinical,Tumor Suppressor,Gene,down,Mutated Gene
PBRM1,Pancreatic (PDAC),1.72,6.47,0.803,0.754,0.705,0.308,8,1,real,Literature,preclinical,Tumor Suppressor,Gene,down,Mutated Gene
PARP1,Pancreatic (PDAC),2.49,6.45,0.878,0.893,0.879,0.355,8,1,real,Literature,preclinical,Tumor Suppressor,Gene,down,Mutated Gene
SYK,Pancreatic (PDAC),7.07,0.87,0.793,0.626,0.545,0.302,4,1,real,Literature,preclinical,Oncogene,Gene,up,Mutated Gene
NCOA3,Pancreatic (PDAC),7.02,0.86,0.808,0.619,0.537,0.311,4,1,real,Literature,preclinical,Oncogene,Gene,up,Mutated Gene
MST1,Pancreatic (PDAC),1.08,6.18,0.642,0.637,0.559,0.207,7,1,real,Literature,preclinical,Tumor Suppressor,Gene,down,Mutated Gene
PDCD1LG2,Pancreatic (PDAC),0.86,6.37,0.81,0.597,0.509,0.313,8,1,real,Literature,preclinical,Tumor Suppressor,Gene,down,Mutated Gene
RHOA,Pancreatic (PDAC),6.96,0.5,0.892,0.611,0.527,0.364,1,1,real,Literature,preclinical,Oncogene,Gene,up,Mutated Gene
RAD51B,Pancreatic (PDAC),1.6,6.17,0.908,0.733,0.678,0.374,7,1,real,Literature,preclinical,Tumor Suppressor,Gene,down,Mutated Gene
RAD51D,Pancreatic (PDAC),2.19,4.86,0.557,0.838,0.81,0.154,2,1,real,Literature,preclinical,Tumor Suppressor,Gene,down,Mutated Gene
RAD51C,Pancreatic (PDAC),1.12,4.74,0.671,0.644,0.568,0.226,1,1,real,Literature,preclinical,Tumor Suppressor,Gene,down,Mutated Gene
CSDE1,Pancreatic (PDAC),0.98,5.76,0.615,0.618,0.535,0.19,6,1,real,Literature,preclinical,Tumor Suppressor,Gene,down,Mutated Gene
KIT,Pancreatic (PDAC),9.4,0.43,0.815,0.936,0.933,0.316,1,1,real,Literature,preclinical,Oncogene,Gene,up,Mutated Gene
STK40,Pancreatic (PDAC),6.5,1.13,0.642,0.55,0.45,0.207,5,1,real,Literature,preclinical,Oncogene,Gene,up,Mutated Gene
DDR2,Pancreatic (PDAC),7.71,1.58,0.7,0.712,0.652,0.244,8,1,real,Literature,preclinical,Oncogene,Gene,up,Mutated Gene
YAP1,Pancreatic (PDAC),8.04,2.02,0.662,0.756,0.707,0.22,11,1,real,Literature,preclinical,Oncogene,Gene,up,Mutated Gene
AMER1,Pancreatic (PDAC),1.46,5.15,0.942,0.707,0.646,0.395,3,1,real,Literature,preclinical,Tumor Suppressor,Gene,down,Mutated Gene
PRKN,Pancreatic (PDAC),2.03,4.59,0.826,0.81,0.775,0.322,1,1,real,Literature,preclinical,Tumor Suppressor,Gene,down,Mutated Gene
DOT1L,Pancreatic (PDAC),7.47,1.99,0.896,0.679,0.611,0.366,11,1,real,Literature,preclinical,Oncogene,Gene,up,Mutated Gene
XIAP,Pancreatic (PDAC),6.5,1.79,0.921,0.55,0.45,0.382,10,1,real,Literature,preclinical,Oncogene,Gene,up,Mutated Gene
CXCR4,Pancreatic (PDAC),8.17,1.12,0.572,0.773,0.729,0.164,5,1,real,Literature,preclinical,Oncogene,Gene,up,Mutated Gene
TMPRSS2,Pancreatic (PDAC),7.33,1.73,0.735,0.66,0.588,0.266,9,1,real,Literature,preclinical,Oncogene,Gene,up,Mutated Gene
ALOX12B,Pancreatic (PDAC),8.32,1.35,0.785,0.793,0.754,0.297,7,1,real,Literature,preclinical,Oncogene,Gene,up,Mutated Gene
PAK1,Pancreatic (PDAC),6.67,0.53,0.593,0.573,0.479,0.177,1,1,real,Literature,preclinical,Oncogene,Gene,up,Mutated Gene
RXRA,Pancreatic (PDAC),9.46,1.81,0.796,0.945,0.944,0.304,10,1,real,Literature,preclinical,Oncogene,Gene,up,Mutated Gene
SLX4,Pancreatic (PDAC),1.86,5.12,0.755,0.78,0.737,0.278,3,1,real,Literature,preclinical,Tumor Suppressor,Gene,down,Mutated Gene
RAD54L,Pancreatic (PDAC),1.1,6.77,0.582,0.641,0.563,0.17,10,1,real,Literature,preclinical,Tumor Suppressor,Gene,down,Mutated Gene
SHOC2,Pancreatic (PDAC),7.13,2.14,0.567,0.634,0.555,0.161,12,1,real,Literature,preclinical,Oncogene,Gene,up,Mutated Gene
PAK5,Pancreatic (PDAC),7.7,2.02,0.64,0.71,0.65,0.206,11,1,real,Literature,preclinical,Oncogene,Gene,up,Mutated Gene
SUZ12,Pancreatic (PDAC),6.93,1.72,0.802,0.607,0.522,0.308,9,1,real,Literature,preclinical,Oncogene,Gene,up,Mutated Gene
NPM1,Pancreatic (PDAC),9.49,1.17,0.585,0.949,0.949,0.172,6,1,real,Literature,preclinical,Oncogene,Gene,up,Mutated Gene
MAP3K1,Pancreatic (PDAC),1.91,7.29,0.602,0.788,0.747,0.183,12,1,real,Literature,preclinical,Tumor Suppressor,Gene,down,Mutated Gene
H2BC5,Pancreatic (PDAC),2.44,6.73,0.641,0.884,0.867,0.207,9,1,real,Literature,preclinical,Tumor Suppressor,Gene,down,Mutated Gene
MLH1,Pancreatic (PDAC),2.35,5.56,0.933,0.868,0.847,0.39,5,1,real,Literature,preclinical,Tumor Suppressor,Gene,down,Mutated Gene
VEGFA,Pancreatic (PDAC),9.06,1.59,0.895,0.891,0.877,0.365,8,1,real,Literature,preclinical,Oncogene,Gene,up,Mutated Gene
ETAA1,Pancreatic (PDAC),2.72,6.72,0.814,0.936,0.932,0.315,9,1,real,Literature,preclinical,Tumor Suppressor,Gene,down,Mutated Gene
RIT1,Pancreatic (PDAC),6.64,1.89,0.836,0.569,0.473,0.329,10,1,real,Literature,preclinical,Oncogene,Gene,up,Mutated Gene
AXL,Pancreatic (PDAC),8.75,1.3,0.846,0.85,0.825,0.335,7,1,real,Literature,preclinical,Oncogene,Gene,up,Mutated Gene
CTNNB1,Pancreatic (PDAC),8.59,0.85,0.564,0.829,0.799,0.159,4,1,real,Literature,preclinical,Oncogene,Gene,up,Mutated Gene
TRIP13,Pancreatic (PDAC),8.55,1.6,0.642,0.824,0.792,0.208,9,1,real,Literature,preclinical,Oncogene,Gene,up,Mutated Gene
FOXA1,Pancreatic (PDAC),7.08,2.16,0.896,0.627,0.547,0.367,12,1,real,Literature,preclinical,Oncogene,Gene,up,Mutated Gene
MPL,Pancreatic (PDAC),7.3,1.78,0.775,0.657,0.584,0.291,10,1,real,Literature,preclinical,Oncogene,Gene,up,Mutated Gene
INPPL1,Pancreatic (PDAC),0.76,7.2,0.656,0.579,0.486,0.216,11,1,real,Literature,preclinical,Tumor Suppressor,Gene,down,Mutated Gene
PRDM1,Pancreatic (PDAC),1.92,6.46,0.829,0.79,0.75,0.324,8,1,real,Literature,preclinical,Tumor Suppressor,Gene,down,Mutated Gene
ARHGAP35,Pancreatic (PDAC),2.05,6.71,0.819,0.814,0.78,0.318,9,1,real,Literature,preclinical,Tumor Suppressor,Gene,down,Mutated Gene
IGF1R,Pancreatic (PDAC),7.81,0.7,0.876,0.725,0.669,0.354,3,1,real,Literature,preclinical,Oncogene,Gene,up,Mutated Gene
CCND3,Pancreatic (PDAC),7.51,1.1,0.631,0.685,0.618,0.2,5,1,real,Literature,preclinical,Oncogene,Gene,up,Mutated Gene
CCND2,Pancreatic (PDAC),8.11,1.03,0.852,0.765,0.719,0.339,5,1,real,Literature,preclinical,Oncogene,Gene,up,Mutated Gene
CCND1,Pancreatic (PDAC),8.26,1.33,0.56,0.785,0.744,0.156,7,1,real,Literature,preclinical,Oncogene,Gene,up,Mutated Gene
EP300,Pancreatic (PDAC),2.61,6.1,0.618,0.916,0.907,0.192,7,1,real,Literature,preclinical,Tumor Suppressor,Gene,down,Mutated Gene
ARID2,Pancreatic (PDAC),2.38,5.31,0.571,0.874,0.855,0.163,4,1,real,Literature,preclinical,Tumor Suppressor,Gene,down,Mutated Gene
PDGFRB,Pancreatic (PDAC),6.77,2.12,0.774,0.586,0.496,0.29,12,1,real,Literature,preclinical,Oncogene,Gene,up,Mutated Gene
LMO1,Pancreatic (PDAC),9.38,2.04,0.654,0.934,0.93,0.215,11,1,real,Literature,preclinical,Oncogene,Gene,up,Mutated Gene
PDGFRA,Pancreatic (PDAC),7.47,2.09,0.717,0.679,0.611,0.254,12,1,real,Literature,preclinical,Oncogene,Gene,up,Mutated Gene
HGF,Pancreatic (PDAC),6.76,1.32,0.741,0.584,0.493,0.27,7,1,real,Literature,preclinical,Oncogene,Gene,up,Mutated Gene
TSC2,Pancreatic (PDAC),1.03,6.1,0.767,0.629,0.549,0.286,7,1,real,Literature,preclinical,Tumor Suppressor,Gene,down,Mutated Gene
ARID5B,Pancreatic (PDAC),0.72,5.7,0.95,0.572,0.477,0.4,5,1,real,Literature,preclinical,Tumor Suppressor,Gene,down,Mutated Gene
TSC1,Pancreatic (PDAC),2.25,6.36,0.806,0.85,0.825,0.31,8,1,real,Literature,preclinical,Tumor Suppressor,Gene,down,Mutated Gene
SDHC,Pancreatic (PDAC),1.66,5.75,0.697,0.743,0.691,0.242,6,1,real,Literature,preclinical,Tumor Suppressor,Gene,down,Mutated Gene
SDHD,Pancreatic (PDAC),1.9,4.94,0.685,0.787,0.746,0.234,2,1,real,Literature,preclinical,Tumor Suppressor,Gene,down,Mutated Gene
SDHA,Pancreatic (PDAC),2.53,4.97,0.636,0.901,0.888,0.204,2,1,real,Literature,preclinical,Tumor Suppressor,Gene,down,Mutated Gene
MYCL,Pancreatic (PDAC),9.09,1.37,0.648,0.896,0.882,0.211,7,1,real,Literature,preclinical,Oncogene,Gene,up,Mutated Gene
MYCN,Pancreatic (PDAC),9.45,1.69,0.832,0.943,0.942,0.326,9,1,real,Literature,preclinical,Oncogene,Gene,up,Mutated Gene
SLFN11,Pancreatic (PDAC),1.27,7.34,0.551,0.672,0.603,0.15,12,1,real,Literature,preclinical,Tumor Suppressor,Gene,down,Mutated Gene
CCNE1,Pancreatic (PDAC),6.71,1.83,0.583,0.578,0.485,0.17,10,1,real,Literature,preclinical,Oncogene,Gene,up,Mutated Gene
RAF1,Pancreatic (PDAC),6.94,1.88,0.644,0.609,0.523,0.209,10,1,real,Literature,preclinical,Oncogene,Gene,up,Mutated Gene
CARD11,Pancreatic (PDAC),8.45,1.95,0.933,0.811,0.776,0.39,11,1,real,Literature,preclinical,Oncogene,Gene,up,Mutated Gene
HOXB13,Pancreatic (PDAC),6.95,1.92,0.869,0.61,0.526,0.35,11,1,real,Literature,preclinical,Oncogene,Gene,up,Mutated Gene
COP1,Pancreatic (PDAC),2.17,6.45,0.627,0.835,0.806,0.198,8,1,real,Literature,preclinical,Tumor Suppressor,Gene,down,Mutated Gene
TMEM127,Pancreatic (PDAC),1.44,5.09,0.797,0.704,0.642,0.304,3,1,real,Literature,preclinical,Tumor Suppressor,Gene,down,Mutated Gene
SMAD2,Pancreatic (PDAC),1.06,5.44,0.566,0.634,0.555,0.16,4,1,real,Literature,preclinical,Tumor Suppressor,Gene,down,Mutated Gene
SMAD4,Pancreatic (PDAC),1.0,5.94,0.886,0.875,0.54,0.36,90,1,real,Literature,clinical,Tumor Suppressor,Gene,down,Mutated Gene
ZFHX3,Pancreatic (PDAC),1.06,4.91,0.823,0.634,0.554,0.32,2,1,real,Literature,preclinical,Tumor Suppressor,Gene,down,Mutated Gene
SMAD3,Pancreatic (PDAC),2.38,6.8,0.939,0.874,0.855,0.393,10,1,real,Literature,preclinical,Tumor Suppressor,Gene,down,Mutated Gene
IDH1,Pancreatic (PDAC),7.6,0.88,0.566,0.697,0.634,0.16,4,1,real,Literature,preclinical,Oncogene,Gene,up,Mutated Gene
PTCH1,Pancreatic (PDAC),1.67,6.68,0.599,0.745,0.694,0.181,9,1,real,Literature,preclinical,Tumor Suppressor,Gene,down,Mutated Gene
IDH2,Pancreatic (PDAC),7.4,1.55,0.676,0.67,0.6,0.229,8,1,real,Literature,preclinical,Oncogene,Gene,up,Mutated Gene
INHBA,Pancreatic (PDAC),7.7,1.3,0.945,0.71,0.65,0.397,6,1,real,Literature,preclinical,Oncogene,Gene,up,Mutated Gene
ESR1,Pancreatic (PDAC),7.83,0.53,0.767,0.728,0.672,0.286,1,1,real,Literature,preclinical,Oncogene,Gene,up,Mutated Gene
PHOX2B,Pancreatic (PDAC),9.25,2.05,0.828,0.916,0.908,0.324,12,1,real,Literature,preclinical,Oncogene,Gene,up,Mutated Gene
NFKBIA,Pancreatic (PDAC),1.7,6.17,0.909,0.751,0.701,0.374,7,1,real,Literature,preclinical,Tumor Suppressor,Gene,down,Mutated Gene
FGF19,Pancreatic (PDAC),9.02,1.96,0.688,0.886,0.87,0.237,11,1,real,Literature,preclinical,Oncogene,Gene,up,Mutated Gene
GNB1,Pancreatic (PDAC),6.98,0.64,0.782,0.615,0.531,0.295,2,1,real,Literature,preclinical,Oncogene,Gene,up,Mutated Gene
GNAS,Pancreatic (PDAC),8.95,1.31,0.758,0.964,0.858,0.28,40,1,real,Literature,clinical,Oncogene,Gene,up,Mutated Gene
TCF3,Pancreatic (PDAC),7.25,1.04,0.753,0.651,0.576,0.277,5,1,real,Literature,preclinical,Oncogene,Gene,up,Mutated Gene
IL7R,Pancreatic (PDAC),9.0,1.51,0.705,0.883,0.866,0.247,8,1,real,Literature,preclinical,Oncogene,Gene,up,Mutated Gene
FGFR4,Pancreatic (PDAC),8.87,0.64,0.949,0.866,0.845,0.399,2,1,real,Literature,preclinical,Oncogene,Gene,up,Mutated Gene
FGFR3,Pancreatic (PDAC),7.65,1.87,0.591,0.703,0.641,0.175,10,1,real,Literature,preclinical,Oncogene,Gene,up,Mutated Gene
FGFR2,Pancreatic (PDAC),7.85,2.07,0.658,0.73,0.675,0.217,12,1,real,Literature,preclinical,Oncogene,Gene,up,Mutated Gene
FGFR1,Pancreatic (PDAC),8.2,1.11,0.85,0.777,0.734,0.338,5,1,real,Literature,preclinical,Oncogene,Gene,up,Mutated Gene
BMPR1A,Pancreatic (PDAC),2.05,5.04,0.556,0.813,0.779,0.153,3,1,real,Literature,preclinical,Tumor Suppressor,Gene,down,Mutated Gene
KDM5A,Pancreatic (PDAC),8.71,1.47,0.603,0.844,0.818,0.183,8,1,real,Literature,preclinical,Oncogene,Gene,up,Mutated Gene
GSK3B,Pancreatic (PDAC),0.68,5.84,0.667,0.564,0.467,0.223,6,1,real,Literature,preclinical,Tumor Suppressor,Gene,down,Mutated Gene
KDM5C,Pancreatic (PDAC),2.53,4.81,0.796,0.901,0.889,0.304,2,1,real,Literature,preclinical,Tumor Suppressor,Gene,down,Mutated Gene
TNFAIP3,Pancreatic (PDAC),2.7,6.66,0.843,0.931,0.927,0.333,9,1,real,Literature,preclinical,Tumor Suppressor,Gene,down,Mutated Gene
FLCN,Pancreatic (PDAC),1.72,5.54,0.776,0.754,0.705,0.292,5,1,real,Literature,preclinical,Tumor Suppressor,Gene,down,Mutated Gene
SPRED1,Pancreatic (PDAC),1.1,4.56,0.594,0.641,0.564,0.178,1,1,real,Literature,preclinical,Tumor Suppressor,Gene,down,Mutated Gene
CASP8,Pancreatic (PDAC),2.08,7.18,0.758,0.818,0.786,0.28,11,1,real,Literature,preclinical,Tumor Suppressor,Gene,down,Mutated Gene
POLE,Pancreatic (PDAC),1.49,6.76,0.888,0.712,0.653,0.361,10,1,real,Literature,preclinical,Tumor Suppressor,Gene,down,Mutated Gene
KDM6A,Pancreatic (PDAC),2.35,4.75,0.948,0.868,0.847,0.399,2,1,real,Literature,preclinical,Tumor Suppressor,Gene,down,Mutated Gene
EGFL7,Pancreatic (PDAC),9.1,2.19,0.562,0.896,0.883,0.158,12,1,real,Literature,preclinical,Oncogene,Gene,up,Mutated Gene
EED,Pancreatic (PDAC),2.6,6.63,0.78,0.914,0.905,0.294,9,1,real,Literature,preclinical,Tumor Suppressor,Gene,down,Mutated Gene
PDPK1,Pancreatic (PDAC),6.55,1.69,0.572,0.557,0.458,0.164,9,1,real,Literature,preclinical,Oncogene,Gene,up,Mutated Gene
AXIN1,Pancreatic (PDAC),1.52,7.29,0.697,0.718,0.659,0.242,12,1,real,Literature,preclinical,Tumor Suppressor,Gene,down,Mutated Gene
ETV1,Pancreatic (PDAC),9.47,0.57,0.741,0.945,0.944,0.269,2,1,real,Literature,preclinical,Oncogene,Gene,up,Mutated Gene
AXIN2,Pancreatic (PDAC),2.04,5.54,0.946,0.813,0.778,0.397,5,1,real,Literature,preclinical,Tumor Suppressor,Gene,down,Mutated Gene
ARID1A,Pancreatic (PDAC),2.58,4.67,0.691,0.909,0.899,0.238,1,1,real,Literature,preclinical,Tumor Suppressor,Gene,down,Mutated Gene
ARID1B,Pancreatic (PDAC),1.71,6.39,0.67,0.751,0.702,0.225,8,1,real,Literature,preclinical,Tumor Suppressor,Gene,down,Mutated Gene
TENT5C,Pancreatic (PDAC),0.74,5.55,0.716,0.575,0.481,0.254,5,1,real,Literature,preclinical,Tumor Suppressor,Gene,down,Mutated Gene
TGFBR1,Pancreatic (PDAC),1.39,5.93,0.761,0.694,0.631,0.282,6,1,real,Literature,preclinical,Tumor Suppressor,Gene,down,Mutated Gene
TGFBR2,Pancreatic (PDAC),0.71,4.91,0.894,0.57,0.475,0.365,2,1,real,Literature,preclinical,Tumor Suppressor,Gene,down,Mutated Gene
ETV6,Pancreatic (PDAC),0.79,5.29,0.918,0.584,0.493,0.38,4,1,real,Literature,preclinical,Tumor Suppressor,Gene,down,Mutated Gene
LATS1,Pancreatic (PDAC),2.31,5.26,0.855,0.86,0.838,0.341,4,1,real,Literature,preclinical,Tumor Suppressor,Gene,down,Mutated Gene
GREM1,Pancreatic (PDAC),8.8,1.37,0.861,0.857,0.834,0.344,7,1,real,Literature,preclinical,Oncogene,Gene,up,Mutated Gene
LATS2,Pancreatic (PDAC),2.17,6.32,0.935,0.835,0.807,0.39,8,1,real,Literature,preclinical,Tumor Suppressor,Gene,down,Mutated Gene
ELF3,Pancreatic (PDAC),8.99,2.1,0.569,0.882,0.865,0.162,12,1,real,Literature,preclinical,Oncogene,Gene,up,Mutated Gene
IRF4,Pancreatic (PDAC),6.78,0.78,0.736,0.587,0.496,0.266,3,1,real,Literature,preclinical,Oncogene,Gene,up,Mutated Gene
MYOD1,Pancreatic (PDAC),7.34,1.26,0.636,0.663,0.591,0.204,6,1,real,Literature,preclinical,Oncogene,Gene,up,Mutated Gene
RASA1,Pancreatic (PDAC),2.7,6.66,0.625,0.932,0.928,0.197,9,1,real,Literature,preclinical,Tumor Suppressor,Gene,down,Mutated Gene
ABRAXAS1,Pancreatic (PDAC),1.26,7.45,0.751,0.671,0.601,0.276,12,1,real,Literature,preclinical,Tumor Suppressor,Gene,down,Mutated Gene
CBL,Pancreatic (PDAC),1.45,5.39,0.937,0.705,0.644,0.392,4,1,real,Literature,preclinical,Tumor Suppressor,Gene,down,Mutated Gene
AURKB,Pancreatic (PDAC),9.06,1.34,0.829,0.891,0.876,0.324,7,1,real,Literature,preclinical,Oncogene,Gene,up,Mutated Gene
AURKA,Pancreatic (PDAC),6.98,2.09,0.926,0.614,0.53,0.385,12,1,real,Literature,preclinical,Oncogene,Gene,up,Mutated Gene
ERBB3,Pancreatic (PDAC),8.95,0.75,0.821,0.877,0.858,0.319,3,1,real,Literature,preclinical,Oncogene,Gene,up,Mutated Gene
ERBB4,Pancreatic (PDAC),8.85,0.81,0.926,0.863,0.841,0.385,3,1,real,Literature,preclinical,Oncogene,Gene,up,Mutated Gene
POLD1,Pancreatic (PDAC),0.79,5.83,0.691,0.584,0.493,0.238,6,1,real,Literature,preclinical,Tumor Suppressor,Gene,down,Mutated Gene
GNA11,Pancreatic (PDAC),7.41,1.54,0.906,0.671,0.601,0.373,8,1,real,Literature,preclinical,Oncogene,Gene,up,Mutated Gene
ERBB2,Pancreatic (PDAC),6.92,0.56,0.915,0.87,0.521,0.378,60,1,real,Literature,clinical,Oncogene,Gene,up,Mutated Gene
MAPK1,Pancreatic (PDAC),8.16,0.93,0.732,0.771,0.726,0.264,4,1,real,Literature,preclinical,Oncogene,Gene,up,Mutated Gene
DROSHA,Pancreatic (PDAC),7.47,1.73,0.671,0.679,0.611,0.225,9,1,real,Literature,preclinical,Oncogene,Gene,up,Mutated Gene
VHL,Pancreatic (PDAC),1.32,7.43,0.771,0.68,0.613,0.288,12,1,real,Literature,preclinical,Tumor Suppressor,Gene,down,Mutated Gene
MUTYH,Pancreatic (PDAC),1.92,4.75,0.834,0.789,0.749,0.328,2,1,real,Literature,preclinical,Tumor Suppressor,Gene,down,Mutated Gene
MAPK3,Pancreatic (PDAC),6.72,1.72,0.7,0.58,0.487,0.244,9,1,real,Literature,preclinical,Oncogene,Gene,up,Mutated Gene
SPEN,Pancreatic (PDAC),1.22,6.7,0.904,0.662,0.59,0.371,9,1,real,Literature,preclinical,Tumor Suppressor,Gene,down,Mutated Gene
TCF7L2,Pancreatic (PDAC),8.09,0.52,0.78,0.762,0.715,0.294,1,1,real,Literature,preclinical,Oncogene,Gene,up,Mutated Gene
NEGR1,Pancreatic (PDAC),2.05,5.99,0.695,0.813,0.779,0.241,6,1,real,Literature,preclinical,Tumor Suppressor,Gene,down,Mutated Gene
TSHR,Pancreatic (PDAC),8.65,0.53,0.779,0.837,0.808,0.293,1,1,real,Literature,preclinical,Oncogene,Gene,up,Mutated Gene
H3-5,Pancreatic (PDAC),6.65,1.84,0.948,0.57,0.475,0.399,10,1,real,Literature,preclinical,Oncogene,Gene,up,Mutated Gene
REST,Pancreatic (PDAC),2.48,5.6,0.76,0.893,0.878,0.282,5,1,real,Literature,preclinical,Tumor Suppressor,Gene,down,Mutated Gene
H3-4,Pancreatic (PDAC),6.83,1.64,0.863,0.595,0.506,0.346,9,1,real,Literature,preclinical,Oncogene,Gene,up,Mutated Gene
ERCC3,Pancreatic (PDAC),1.15,6.74,0.913,0.65,0.574,0.377,9,1,real,Literature,preclinical,Tumor Suppressor,Gene,down,Mutated Gene
ERCC4,Pancreatic (PDAC),1.88,7.43,0.59,0.783,0.741,0.175,12,1,real,Literature,preclinical,Tumor Suppressor,Gene,down,Mutated Gene
CARM1,Pancreatic (PDAC),6.94,0.84,0.879,0.608,0.523,0.355,3,1,real,Literature,preclinical,Oncogene,Gene,up,Mutated Gene
ERCC2,Pancreatic (PDAC),1.38,6.97,0.81,0.692,0.627,0.313,10,1,real,Literature,preclinical,Tumor Suppressor,Gene,down,Mutated Gene
RPS6KB2,Pancreatic (PDAC),9.5,1.11,0.908,0.95,0.95,0.374,5,1,real,Literature,preclinical,Oncogene,Gene,up,Mutated Gene
KRAS,Pancreatic (PDAC),9.06,2.19,0.833,0.97,0.877,0.327,210,1,real,Literature,clinical,Oncogene,Gene,up,Mutated Gene
ERCC5,Pancreatic (PDAC),1.38,6.23,0.719,0.693,0.628,0.256,7,1,real,Literature,preclinical,Tumor Suppressor,Gene,down,Mutated Gene
TEK,Pancreatic (PDAC),9.16,1.4,0.603,0.905,0.894,0.183,7,1,real,Literature,preclinical,Oncogene,Gene,up,Mutated Gene
